review_day,reviews_count
2019-12-14,160
2019-12-29,172
2019-01-31,93
2020-02-12,121
2020-02-18,122
2021-01-20,117
2020-08-03,86
2019-07-24,137
2022-11-16,117
2021-07-18,106
2022-01-01,79
2021-03-17,124
2021-03-28,106
2022-07-03,59
2020-07-02,96
2021-05-11,133
2022-10-28,132
2022-10-25,87
2020-12-13,82
2020-10-22,106
2021-06-11,112
2021-06-16,90
2022-08-09,113
2018-12-12,90
2023-02-11,86
2023-02-17,108
2023-02-24,103
2023-02-03,83
2019-03-06,99
2019-03-17,99
2019-06-14,83
2022-05-20,62
2019-11-16,92
2021-11-23,92
2021-11-03,73
2021-04-23,121
2021-04-02,90
2022-04-04,94
2022-04-27,86
2022-12-31,108
2019-01-26,105
2019-01-20,96
2019-01-03,122
2020-02-28,124
2019-07-23,146
2022-11-29,116
2019-08-27,122
2019-08-09,137
2020-07-18,105
2020-07-30,123
2021-05-30,117
2022-10-06,123
2020-09-02,102
2020-12-25,118
2020-10-29,99
2020-10-13,87
2019-04-01,112
2019-04-10,82
2018-12-23,81
2020-11-12,93
2022-06-16,61
2022-05-10,76
2019-11-23,110
2019-11-18,131
2021-11-19,87
2020-06-22,107
2021-04-13,120
2022-04-07,76
2021-02-21,107
2019-10-04,110
2020-03-22,118
2020-03-21,100
2020-01-09,174
2022-12-26,108
2019-01-01,109
2020-08-18,114
2020-08-11,153
2019-07-16,84
2019-07-27,110
2022-11-10,111
2019-08-22,140
2019-08-29,126
2019-08-11,139
2021-07-06,138
2021-07-15,99
2021-07-03,105
2021-03-01,110
2021-03-30,126
2021-03-02,151
2022-07-09,87
2022-07-15,90
2020-07-25,91
2020-07-09,85
2020-07-12,92
2021-05-27,94
2022-10-18,105
2020-10-09,88
2022-08-17,83
2022-08-15,115
2018-12-26,115
2018-12-01,60
2020-11-19,76
2023-02-16,109
2019-03-02,107
2019-03-19,98
2019-06-29,103
2019-02-26,107
2019-11-10,103
2021-12-28,107
2020-06-29,117
2020-06-09,113
2021-04-08,127
2022-04-20,79
2022-04-23,65
2022-04-18,90
2019-10-29,113
2021-08-28,70
2021-08-10,102
2021-08-05,78
2022-12-21,103
2019-12-13,180
2020-02-26,120
2019-07-29,115
2019-07-08,150
2022-11-30,115
2022-11-19,99
2022-11-14,148
2019-08-28,161
2019-08-21,147
2021-07-26,109
2021-07-30,90
2022-01-28,102
2021-03-13,110
2021-03-25,115
2021-03-26,104
2020-07-10,124
2020-07-01,79
2020-07-08,120
2022-10-04,116
2020-09-21,79
2020-09-12,122
2020-10-19,123
2022-08-19,93
2018-12-30,128
2020-11-24,85
2019-03-30,86
2019-06-23,111
2022-05-26,79
2019-02-08,81
2019-11-15,131
2021-11-24,91
2021-11-07,82
2021-12-16,86
2020-06-11,102
2021-02-04,123
2021-08-03,100
2019-09-07,111
2019-09-13,97
2020-03-26,67
2020-03-12,90
2022-12-23,74
2019-12-19,127
2019-12-21,141
2019-12-31,185
2019-07-13,141
2023-01-23,96
2022-11-02,98
2022-11-21,113
2022-11-20,66
2019-08-19,164
2019-08-04,95
2021-03-18,107
2021-03-16,115
2022-07-26,110
2022-07-28,123
2021-05-04,115
2020-09-24,109
2020-12-22,99
2020-12-23,102
2021-06-17,101
2018-12-28,137
2023-02-08,80
2022-05-18,71
2021-11-06,67
2021-11-05,83
2021-12-25,73
2020-06-28,73
2020-06-19,86
2021-04-20,124
2021-04-16,131
2021-04-11,90
2022-04-29,64
2021-08-22,103
2021-08-07,96
2020-03-13,98
2019-12-10,176
2020-02-13,106
2020-08-31,125
2020-08-12,103
2020-08-16,101
2020-08-17,135
2020-08-30,135
2023-01-03,129
2023-01-26,98
2021-07-14,121
2022-01-03,127
2022-07-21,98
2021-05-17,90
2022-10-01,129
2022-10-07,99
2020-09-18,89
2020-09-19,116
2020-09-14,109
2020-12-02,112
2020-12-21,105
2021-06-18,89
2019-04-15,60
2023-02-10,72
2019-06-08,95
2022-05-30,65
2019-11-14,125
2021-11-15,63
2021-04-19,137
2021-04-21,135
2019-10-14,113
2019-10-12,88
2021-08-02,91
2021-08-01,91
2019-09-10,121
2020-03-18,49
2020-03-23,124
2019-01-05,138
2019-01-11,118
2021-01-05,163
2021-01-08,134
2023-01-05,135
2019-08-12,129
2020-12-16,117
2020-10-11,102
2020-10-16,120
2019-04-20,87
2022-08-29,105
2022-08-30,126
2018-12-29,120
2018-12-24,69
2019-06-17,148
2022-05-17,61
2019-02-12,69
2021-11-17,79
2021-12-10,88
2021-08-29,75
2019-09-25,109
2020-03-08,114
2020-01-02,205
2020-01-24,128
2022-12-14,123
2019-12-15,196
2019-12-24,162
2019-01-27,101
2020-02-11,130
2021-01-24,101
2021-01-23,99
2023-01-22,81
2022-11-24,53
2021-03-06,129
2020-07-03,91
2022-10-30,77
2020-09-08,116
2020-09-28,94
2020-12-11,81
2020-12-19,91
2020-12-14,121
2020-10-20,114
2021-06-24,97
2021-06-27,100
2021-06-20,96
2022-08-31,75
2018-12-18,79
2020-11-11,117
2019-06-28,122
2019-06-03,88
2019-11-28,115
2020-06-17,123
2020-06-15,105
2019-10-05,77
2021-08-24,83
2019-09-28,69
2020-01-27,161
2022-12-24,94
2022-12-20,89
2022-12-15,85
2022-12-04,109
2022-12-11,91
2019-01-29,124
2020-08-24,117
2020-08-27,105
2019-07-30,130
2019-07-22,154
2023-01-09,117
2022-11-15,89
2019-08-26,128
2021-03-12,139
2022-07-24,92
2020-07-26,117
2020-07-27,122
2020-07-14,156
2021-05-02,120
2020-12-29,121
2020-10-18,117
2020-10-08,66
2021-06-22,119
2018-12-11,83
2023-02-26,78
2023-02-23,105
2022-06-24,96
2019-03-07,94
2019-06-18,134
2019-06-04,83
2022-05-06,75
2019-02-18,111
2021-11-10,76
2022-04-26,95
2021-02-19,123
2021-02-11,122
2019-10-27,92
2019-10-18,86
2021-08-18,80
2019-09-15,86
2020-03-09,105
2020-03-20,83
2020-03-25,60
2020-01-21,157
2022-12-12,107
2020-02-07,135
2020-02-09,134
2023-01-06,110
2023-01-18,139
2022-11-23,88
2022-11-11,107
2022-11-04,69
2021-07-19,112
2022-07-23,91
2020-07-04,86
2020-07-24,118
2021-05-18,95
2021-05-24,96
2022-10-26,103
2020-09-30,101
2020-12-07,103
2020-10-12,92
2021-06-14,81
2022-08-02,101
2018-12-04,79
2020-11-02,113
2020-11-07,100
2023-02-02,68
2023-02-12,52
2019-03-23,72
2019-06-22,99
2019-06-16,100
2019-02-11,93
2019-11-27,90
2019-11-22,115
2021-11-28,73
2021-11-01,66
2021-12-09,82
2019-10-21,100
2021-08-16,91
2019-09-08,101
2019-09-23,99
2019-09-21,109
2020-03-10,132
2020-01-20,167
2022-12-01,109
2020-02-17,105
2021-01-07,140
2021-01-10,131
2019-07-06,105
2023-01-04,145
2022-11-09,115
2022-11-08,111
2022-11-27,116
2022-11-28,113
2019-08-30,112
2022-01-31,75
2022-01-21,83
2022-07-01,65
2022-07-17,96
2022-10-21,76
2020-12-08,104
2021-06-12,76
2019-04-19,91
2019-04-11,115
2019-04-12,134
2019-04-21,71
2022-08-08,106
2023-02-25,102
2023-02-09,76
2019-03-31,75
2019-06-27,83
2019-06-11,84
2019-06-10,94
2022-05-12,72
2022-05-19,96
2022-05-23,80
2019-11-07,107
2019-11-24,134
2021-12-11,107
2021-04-22,114
2022-04-16,56
2021-02-14,122
2021-08-30,92
2019-09-26,96
2019-09-06,102
2020-01-31,122
2020-01-03,183
2022-12-17,135
2019-01-16,127
2020-02-23,142
2023-01-27,86
2019-08-25,127
2021-07-02,120
2021-07-28,98
2021-07-10,136
2021-03-27,81
2021-06-01,88
2019-04-16,70
2022-08-14,93
2018-12-10,105
2020-11-10,111
2023-02-20,150
2022-06-18,66
2022-06-17,78
2022-06-29,53
2022-06-01,83
2019-02-25,110
2019-02-04,89
2019-11-20,95
2021-11-30,84
2021-12-26,85
2020-06-13,100
2021-04-18,98
2019-10-25,98
2019-10-30,111
2020-03-27,54
2020-03-31,68
2022-12-16,113
2019-12-26,224
2019-01-21,117
2021-01-15,105
2020-08-04,108
2019-07-03,121
2019-07-15,123
2023-01-07,106
2023-01-28,79
2019-08-08,113
2019-08-20,119
2019-08-01,127
2021-07-01,121
2022-01-08,87
2022-07-13,72
2021-05-10,120
2021-05-28,97
2022-10-08,86
2022-10-02,83
2020-09-04,109
2020-12-26,124
2019-04-13,89
2020-11-16,106
2020-11-20,109
2020-11-03,121
2022-06-08,85
2022-06-11,79
2019-03-27,109
2022-05-27,81
2022-05-01,77
2019-02-15,132
2021-11-16,60
2021-04-09,110
2021-02-16,136
2021-08-13,63
2021-08-04,84
2021-08-20,74
2020-01-10,149
2019-12-06,109
2019-01-15,126
2020-02-04,168
2020-02-15,115
2020-08-08,113
2020-08-23,128
2020-08-15,98
2019-07-20,149
2019-07-01,150
2023-01-21,100
2022-11-07,111
2019-08-14,143
2019-08-31,116
2019-08-24,126
2021-07-27,103
2021-07-23,118
2022-01-20,129
2022-01-05,113
2022-07-30,116
2021-05-21,95
2022-10-03,104
2022-10-17,93
2022-10-23,99
2020-09-26,110
2020-09-15,97
2020-09-20,116
2020-12-30,147
2021-06-21,102
2021-06-04,91
2019-04-07,81
2023-02-14,118
2023-02-07,110
2022-06-13,71
2022-06-14,78
2019-03-03,106
2019-06-07,98
2019-11-13,128
2019-11-05,101
2021-11-22,85
2021-12-30,113
2021-12-19,70
2020-06-16,112
2020-06-14,115
2021-04-05,133
2021-04-14,108
2022-04-17,90
2019-10-22,113
2019-10-17,93
2021-08-31,105
2019-09-29,97
2020-03-16,73
2020-01-06,216
2020-01-04,189
2019-12-07,121
2019-12-02,100
2019-01-25,72
2020-02-27,129
2020-02-14,110
2021-01-30,132
2021-01-04,154
2019-07-25,142
2023-01-19,132
2019-08-16,125
2019-08-17,111
2021-07-04,87
2022-01-24,109
2022-01-11,115
2021-03-07,142
2021-03-21,111
2022-07-10,84
2020-07-29,132
2021-05-08,114
2020-09-05,119
2020-10-15,112
2020-10-01,116
2020-10-03,93
2019-04-17,97
2019-04-04,119
2022-08-21,104
2022-08-12,94
2018-12-02,85
2020-11-05,125
2022-06-09,84
2022-06-05,74
2022-06-07,90
2019-06-20,103
2022-05-08,64
2022-05-16,76
2022-05-25,75
2019-02-14,88
2019-11-06,108
2021-11-14,85
2021-11-12,46
2021-12-05,76
2020-06-24,118
2022-04-02,52
2021-02-08,101
2019-10-07,96
2019-09-01,104
2019-09-16,115
2019-09-14,94
2020-03-05,139
2020-03-06,116
2022-12-02,102
2019-01-28,103
2020-02-22,110
2021-01-29,132
2019-07-09,135
2019-07-04,144
2019-07-18,168
2023-01-29,71
2022-01-16,91
2021-03-09,132
2020-07-20,128
2021-05-22,98
2021-05-06,93
2022-10-15,87
2022-10-22,80
2022-10-13,84
2020-12-03,88
2020-12-28,112
2019-04-14,71
2022-08-25,100
2022-08-05,114
2020-11-06,88
2020-11-18,102
2022-06-04,63
2019-03-28,121
2019-06-06,129
2019-11-19,84
2019-11-29,66
2019-11-17,93
2021-11-08,76
2021-11-20,84
2021-12-02,64
2021-12-24,99
2021-12-14,77
2020-06-02,77
2020-06-07,104
2021-04-12,129
2021-04-04,74
2022-04-28,87
2022-04-11,91
2021-02-07,101
2022-12-19,111
2019-12-03,92
2019-12-18,156
2020-02-19,166
2021-01-28,126
2020-08-01,128
2019-08-05,119
2021-07-08,118
2021-07-09,123
2021-03-22,125
2022-07-06,87
2020-07-16,107
2021-05-03,108
2020-09-01,104
2020-12-12,83
2021-06-23,108
2021-06-19,80
2021-06-29,124
2019-04-28,79
2018-12-14,97
2022-06-15,75
2019-03-20,82
2019-03-24,64
2022-05-31,92
2022-05-04,59
2022-05-21,77
2019-02-07,88
2021-11-13,65
2021-12-18,71
2021-12-23,57
2020-06-21,89
2021-04-03,100
2021-02-10,113
2019-10-11,91
2021-08-21,91
2021-08-27,85
2021-08-25,110
2019-09-11,131
2019-09-24,96
2019-09-04,114
2020-03-17,68
2019-01-24,97
2020-02-29,115
2021-01-19,133
2021-01-31,115
2023-01-08,110
2021-07-12,97
2021-07-07,124
2021-07-16,93
2021-07-24,133
2022-01-17,111
2021-03-23,130
2021-05-15,71
2021-05-23,86
2022-10-10,125
2022-10-31,90
2020-10-24,117
2021-06-13,82
2021-06-28,112
2021-06-03,118
2019-04-27,68
2022-08-10,77
2018-12-19,89
2020-11-23,107
2023-02-19,88
2019-06-12,115
2022-05-13,78
2022-05-07,65
2019-02-20,115
2019-11-11,103
2021-11-02,74
2021-11-26,69
2020-06-12,89
2021-04-28,101
2022-04-01,100
2022-04-05,78
2022-04-25,80
2021-08-06,75
2019-09-27,93
2020-03-30,63
2019-12-17,146
2019-01-10,146
2020-02-24,142
2020-02-05,145
2020-08-28,100
2019-07-07,121
2023-01-20,119
2022-11-26,94
2021-07-25,101
2021-07-31,84
2022-01-27,88
2021-03-15,119
2022-07-05,78
2022-07-02,69
2020-07-13,125
2021-05-01,76
2020-09-23,104
2020-10-17,128
2020-10-21,107
2022-08-20,93
2022-08-11,95
2022-08-22,97
2018-12-16,78
2018-12-21,90
2023-02-04,88
2019-03-08,93
2019-06-26,134
2019-06-21,136
2019-06-15,99
2022-05-11,69
2021-11-04,101
2020-06-20,78
2020-06-10,82
2022-04-15,65
2021-02-02,111
2019-10-19,91
2021-08-08,88
2019-09-09,102
2020-03-11,120
2020-02-21,144
2021-01-03,131
2019-07-31,130
2019-07-28,104
2023-01-02,102
2023-01-13,123
2022-11-12,97
2019-08-18,138
2021-07-20,108
2021-07-11,94
2022-01-30,105
2021-03-03,181
2021-03-08,155
2022-07-29,130
2022-07-25,121
2020-07-23,123
2020-07-07,116
2021-05-16,78
2021-05-07,91
2022-10-12,84
2022-10-11,91
2020-09-09,94
2020-09-17,93
2020-10-04,88
2022-08-06,99
2018-12-03,59
2018-12-09,127
2020-11-04,106
2020-11-08,97
2022-06-03,72
2022-06-25,70
2022-06-22,82
2019-03-04,152
2019-03-15,90
2021-11-18,83
2021-12-12,70
2020-06-03,84
2021-04-07,91
2022-04-30,63
2021-02-24,148
2019-10-13,124
2020-01-16,152
2020-01-07,172
2019-12-28,217
2019-12-12,183
2019-12-09,130
2019-01-02,155
2019-01-18,139
2020-02-08,143
2021-01-14,128
2020-08-02,104
2019-07-26,122
2022-11-03,94
2019-08-06,184
2022-01-02,91
2022-01-06,120
2022-01-12,128
2021-03-31,126
2021-03-04,128
2022-07-22,90
2020-07-21,140
2020-07-11,116
2021-05-09,85
2020-12-18,98
2019-04-05,88
2019-04-22,83
2022-08-13,97
2022-08-28,103
2022-08-18,98
2018-12-31,132
2020-11-15,83
2023-02-28,92
2022-06-27,75
2022-06-26,77
2019-06-01,97
2019-06-05,91
2019-02-27,113
2019-02-01,102
2019-02-23,92
2019-02-24,78
2019-02-22,96
2021-04-06,126
2021-04-01,111
2021-04-27,116
2022-04-13,106
2021-02-01,140
2021-02-18,141
2021-02-03,109
2021-02-13,95
2019-10-03,84
2021-08-17,88
2021-08-23,68
2019-09-03,129
2020-01-11,218
2020-01-23,109
2022-12-05,97
2019-12-20,144
2019-01-04,149
2020-02-16,131
2021-01-13,154
2020-08-06,113
2019-07-11,150
2019-07-17,111
2023-01-30,81
2022-11-01,107
2022-11-25,61
2019-08-13,113
2021-07-22,107
2021-03-29,139
2021-05-14,72
2022-10-16,91
2022-10-29,76
2020-09-03,117
2020-12-01,108
2020-12-04,72
2020-10-31,95
2021-06-02,107
2021-06-26,99
2019-04-02,92
2019-04-08,86
2018-12-07,84
2020-11-09,98
2022-06-21,76
2022-06-23,66
2022-06-02,69
2019-03-26,103
2019-06-09,94
2022-05-22,66
2022-05-03,88
2021-11-29,98
2021-12-17,66
2021-04-25,117
2022-04-09,90
2021-02-12,94
2019-10-01,98
2019-09-05,114
2020-03-04,95
2020-01-14,169
2020-01-18,188
2022-12-09,145
2019-12-22,150
2019-12-27,180
2019-01-07,166
2019-01-22,90
2020-02-20,139
2020-08-20,89
2022-11-17,118
2021-03-24,115
2020-07-15,99
2022-10-27,86
2020-09-10,97
2020-09-22,97
2020-09-25,96
2020-12-31,126
2020-10-28,138
2021-06-08,103
2022-08-04,109
2018-12-27,136
2018-12-05,103
2018-12-25,75
2020-11-01,65
2023-02-06,93
2019-03-11,113
2022-05-02,91
2019-02-21,86
2019-02-05,111
2019-02-06,80
2019-11-02,150
2022-04-03,97
2021-02-20,113
2021-02-27,113
2019-10-06,95
2019-10-28,89
2019-09-20,116
2019-09-12,126
2020-01-15,174
2020-01-30,152
2022-12-06,127
2022-12-18,101
2019-01-19,100
2020-02-01,144
2021-01-12,107
2021-01-02,130
2020-08-26,96
2019-07-02,145
2019-07-12,130
2022-11-18,116
2019-08-23,122
2021-07-13,96
2022-01-09,99
2022-07-18,102
2021-05-19,118
2021-05-20,143
2020-09-29,97
2020-09-06,110
2021-06-10,123
2019-04-03,96
2019-04-24,98
2019-04-25,92
2022-08-03,91
2020-11-21,101
2022-06-28,78
2019-03-10,97
2022-05-05,66
2019-02-10,60
2019-02-19,100
2019-02-16,103
2019-11-26,131
2021-12-03,90
2021-12-22,93
2020-06-30,82
2020-06-26,106
2020-06-18,118
2020-06-04,114
2021-04-10,108
2021-02-09,138
2019-10-16,116
2019-09-18,106
2019-09-17,113
2020-03-19,76
2020-01-26,130
2020-01-08,182
2022-12-03,147
2022-12-29,116
2019-01-14,139
2019-01-30,87
2020-02-25,123
2021-01-27,100
2021-01-22,121
2023-01-24,96
2023-01-01,77
2019-08-03,114
2021-07-05,98
2022-01-14,98
2022-07-08,113
2022-07-31,97
2020-07-17,71
2020-07-05,76
2022-10-19,118
2020-12-10,103
2020-12-17,137
2020-10-14,90
2021-06-30,136
2019-04-26,97
2022-06-19,71
2019-03-14,116
2022-05-28,75
2019-11-08,109
2021-11-09,73
2021-12-07,96
2021-12-27,82
2020-06-23,96
2022-04-21,81
2021-02-22,131
2021-02-06,95
2019-10-31,135
2021-08-19,103
2021-08-09,96
2019-09-02,116
2020-03-29,68
2020-01-29,164
2020-01-12,208
2022-12-25,73
2022-12-07,107
2019-12-05,122
2019-12-16,175
2019-01-13,104
2020-02-02,148
2020-02-10,125
2021-01-18,157
2021-01-06,119
2021-01-25,159
2020-08-07,112
2020-08-09,108
2020-08-05,92
2019-07-19,136
2022-01-23,85
2022-07-19,87
2022-07-27,100
2022-07-11,75
2021-05-05,116
2022-10-14,89
2020-12-09,129
2020-10-30,95
2020-10-05,98
2020-10-23,108
2021-06-05,97
2021-06-09,130
2019-04-18,86
2022-08-07,103
2022-08-26,113
2018-12-15,106
2020-11-22,89
2020-11-29,87
2020-11-30,116
2023-02-01,66
2023-02-21,141
2022-06-12,84
2019-03-21,81
2019-03-16,103
2019-11-01,107
2019-11-30,90
2021-11-25,63
2021-12-15,66
2021-04-17,121
2022-04-22,76
2022-04-08,84
2021-02-26,92
2019-10-26,86
2019-09-22,103
2019-12-30,199
2019-12-25,124
2019-12-23,115
2019-01-17,118
2020-08-14,100
2020-08-29,112
2023-01-10,109
2023-01-15,117
2019-08-02,116
2022-01-10,133
2022-01-26,70
2021-03-10,114
2021-03-19,111
2021-05-29,101
2022-10-24,114
2022-10-09,77
2020-09-27,127
2020-10-10,79
2021-06-07,97
2019-04-23,102
2022-08-16,102
2018-12-13,118
2018-12-20,82
2020-11-28,88
2020-11-26,49
2020-11-27,71
2023-02-15,118
2019-06-30,120
2022-05-24,89
2022-05-15,69
2019-02-09,77
2019-11-04,113
2019-11-21,122
2021-12-31,114
2022-12-28,130
2022-12-08,96
2019-12-11,147
2020-02-06,152
2021-01-11,108
2021-01-01,104
2019-07-14,151
2023-01-25,114
2022-11-05,70
2021-07-29,84
2021-07-21,107
2022-01-29,91
2022-01-19,114
2021-03-11,103
2022-07-14,76
2020-07-28,144
2021-05-26,103
2021-05-12,116
2020-09-07,81
2020-12-24,96
2020-12-06,113
2020-12-05,115
2020-10-25,108
2019-04-06,86
2019-04-30,96
2022-08-24,101
2018-12-17,115
2018-12-22,89
2023-02-27,93
2019-03-18,127
2019-03-05,104
2019-03-22,99
2019-06-19,129
2019-06-25,109
2019-02-17,89
2019-02-02,88
2019-11-12,125
2021-12-04,95
2020-06-25,82
2020-06-01,93
2020-06-05,93
2021-04-26,109
2021-04-29,80
2022-04-12,63
2019-10-24,96
2019-10-02,113
2021-08-14,96
2020-03-15,62
2022-12-13,115
2022-12-30,151
2019-12-08,140
2019-01-23,106
2019-01-12,145
2021-01-17,140
2019-07-05,130
2023-01-17,128
2019-08-10,140
2019-08-07,95
2021-07-17,107
2022-01-07,120
2021-03-05,154
2022-07-12,77
2022-07-20,105
2020-07-19,115
2022-10-05,141
2020-09-13,115
2020-09-11,110
2020-10-27,120
2020-10-07,98
2021-06-15,101
2018-12-08,100
2022-06-06,94
2019-03-25,100
2019-02-13,80
2021-12-08,118
2021-12-13,95
2021-12-21,98
2020-06-27,83
2022-04-19,80
2019-10-10,133
2019-10-15,132
2021-08-15,103
2019-09-19,110
2019-09-30,124
2020-03-02,111
2020-03-24,82
2020-03-14,81
2020-03-07,110
2020-01-13,161
2020-01-05,185
2020-01-01,180
2020-01-25,96
2022-12-22,109
2019-12-01,91
2019-01-09,129
2020-02-03,96
2020-08-10,106
2020-08-22,88
2020-08-25,106
2020-08-21,121
2023-01-14,100
2023-01-12,120
2023-01-31,93
2023-01-16,105
2022-11-06,116
2022-11-22,103
2019-08-15,113
2022-01-22,94
2022-01-13,103
2022-07-07,126
2022-10-20,64
2020-09-16,132
2020-12-15,126
2020-12-20,94
2020-12-27,129
2021-06-25,107
2019-04-09,104
2022-08-01,105
2022-08-23,93
2020-11-14,113
2020-11-17,130
2020-11-25,56
2023-02-22,129
2022-06-10,86
2022-06-30,94
2019-06-24,113
2019-11-09,103
2019-11-25,113
2021-11-11,72
2021-11-27,49
2021-12-06,89
2021-12-01,114
2021-04-24,116
2021-04-15,105
2022-04-14,79
2021-02-05,97
2021-08-12,74
2020-03-03,128
2020-03-28,52
2020-01-28,191
2020-01-17,161
2022-12-27,97
2019-12-04,140
2019-01-08,116
2019-01-06,131
2021-01-26,93
2021-01-16,125
2020-08-13,103
2019-07-10,120
2019-07-21,118
2022-11-13,95
2022-01-18,123
2022-01-25,78
2022-01-04,79
2021-03-14,101
2021-03-20,101
2022-07-16,100
2022-07-04,55
2020-07-06,115
2020-07-22,110
2020-07-31,106
2021-05-31,88
2020-10-02,104
2020-10-06,86
2019-04-29,87
2022-08-27,106
2018-12-06,72
2020-11-13,101
2023-02-18,106
2019-03-09,92
2019-06-13,99
2019-06-02,83
2022-05-14,90
2019-02-28,96
2019-02-03,94
2021-12-20,93
2020-06-06,92
2022-04-10,84
2022-04-24,72
2021-02-17,98
2021-02-23,158
2021-02-25,132
2021-02-15,112
2019-10-08,98
2021-08-11,92
2021-08-26,65
2020-01-19,174
2020-01-22,157
2022-12-10,100
2021-01-21,117
2021-01-09,97
2020-08-19,107
2023-01-11,123
2022-01-15,74
2021-05-25,107
2021-05-13,113
2020-10-26,137
2021-06-06,111
2023-02-13,98
2023-02-05,82
2022-06-20,102
2019-03-12,115
2019-03-13,101
2019-03-01,94
2019-03-29,83
2022-05-29,61
2022-05-09,67
2019-11-03,136
2021-11-21,64
2021-12-29,97
2020-06-08,104
2021-04-30,88
2022-04-06,98
2021-02-28,147
2019-10-23,112
2019-10-09,108
2019-10-20,83
2020-03-01,130
2022-03-29,85
2022-03-14,68
2022-03-28,73
2019-05-29,128
2019-05-18,91
2019-05-08,111
2015-01-09,78
2016-01-20,135
2020-04-13,93
2017-01-11,122
2016-07-13,51
2016-07-29,73
2016-07-27,79
2016-12-17,67
2016-12-14,102
2022-09-06,85
2022-03-25,83
2019-05-28,101
2019-05-10,106
2015-01-27,45
2016-01-08,69
2020-04-29,81
2020-04-14,71
2016-07-24,50
2016-07-12,53
2020-05-19,76
2016-12-20,94
2018-03-07,84
2018-03-29,86
2016-05-10,51
2022-09-12,93
2022-09-15,72
2015-12-22,71
2022-03-07,77
2022-03-24,71
2019-05-17,67
2021-09-26,78
2021-09-13,97
2020-04-18,76
2020-04-30,76
2017-01-13,83
2018-11-02,81
2016-07-02,50
2016-12-08,78
2016-12-23,83
2016-12-27,119
2016-12-11,60
2022-03-08,89
2015-01-16,74
2015-01-23,36
2015-01-24,49
2022-02-22,117
2022-02-12,73
2020-04-19,76
2017-01-27,68
2018-11-21,67
2016-07-31,95
2016-07-06,73
2016-07-20,68
2016-07-01,92
2020-05-06,89
2018-03-09,96
2018-03-25,64
2016-05-18,71
2016-05-08,53
2021-10-19,72
2022-09-20,76
2022-09-11,87
2015-12-19,66
2022-03-13,89
2019-05-07,101
2019-05-06,72
2016-01-06,111
2016-01-30,73
2016-01-24,72
2022-02-17,99
2022-02-18,95
2020-04-07,52
2017-01-16,90
2018-11-11,42
2018-11-01,67
2016-07-17,59
2020-05-08,86
2020-05-21,100
2018-03-21,88
2018-03-20,78
2016-05-21,68
2021-10-23,78
2022-09-28,76
2015-12-30,79
2022-03-30,68
2021-09-29,88
2021-09-08,84
2016-01-12,85
2016-01-03,95
2016-01-26,84
2018-11-12,85
2016-07-15,91
2016-07-16,83
2020-05-22,110
2020-05-14,97
2016-12-24,70
2021-10-31,79
2022-09-26,108
2022-03-15,71
2019-05-23,87
2021-09-18,61
2015-01-18,41
2016-01-18,87
2022-02-10,97
2020-04-20,101
2020-04-15,66
2020-04-06,89
2020-05-09,81
2020-05-12,98
2018-03-23,71
2016-05-14,67
2022-09-24,87
2015-12-03,98
2022-03-10,99
2021-09-07,99
2022-02-21,91
2022-02-28,77
2020-04-05,58
2017-01-09,112
2017-01-15,89
2018-11-16,72
2018-11-28,116
2016-07-28,81
2020-05-29,79
2016-12-03,97
2016-12-16,69
2018-03-03,74
2016-05-28,78
2021-10-11,87
2022-09-18,87
2015-12-14,61
2015-12-01,105
2019-05-13,86
2019-05-05,84
2021-09-20,65
2016-01-15,87
2016-01-14,100
2016-01-25,83
2017-01-18,101
2017-01-12,89
2018-11-29,90
2020-05-25,77
2020-05-02,55
2016-12-13,93
2016-05-06,77
2021-10-20,83
2022-09-07,82
2015-12-23,103
2015-12-18,61
2015-01-25,73
2015-01-05,104
2015-01-13,76
2022-02-04,78
2020-04-10,80
2020-04-01,64
2017-01-26,65
2017-01-06,116
2016-05-04,76
2016-05-24,90
2021-10-15,72
2022-09-25,89
2015-12-08,69
2015-12-09,72
2015-01-12,89
2016-01-01,57
2017-01-29,79
2016-07-26,61
2016-07-09,65
2020-05-05,92
2018-03-19,120
2018-03-26,69
2016-05-03,85
2021-10-28,80
2022-09-22,71
2022-09-01,98
2022-03-17,90
2022-03-09,81
2021-09-23,94
2015-01-03,125
2016-01-19,66
2022-02-09,93
2017-01-22,76
2017-01-19,81
2017-01-01,68
2016-12-28,111
2016-05-02,90
2021-10-01,68
2021-10-21,59
2021-10-22,62
2022-09-21,64
2022-03-20,79
2022-03-16,78
2015-01-06,79
2015-01-14,86
2016-01-02,56
2022-02-03,77
2017-01-23,95
2016-07-19,74
2016-12-19,84
2016-05-29,53
2022-09-23,93
2022-03-27,102
2022-03-18,108
2021-09-11,84
2016-01-27,97
2016-01-11,81
2022-02-02,69
2020-04-26,77
2017-01-08,113
2018-11-25,69
2016-07-03,42
2016-12-25,84
2021-10-14,77
2022-09-08,68
2015-12-27,85
2022-03-03,73
2022-03-12,85
2022-03-11,91
2021-09-01,83
2015-01-20,56
2015-01-11,66
2016-01-31,75
2016-01-23,88
2022-02-14,84
2022-02-05,109
2022-02-15,90
2022-02-27,90
2022-02-20,79
2020-05-20,100
2020-05-23,75
2018-03-01,152
2018-03-28,76
2018-03-30,81
2018-03-14,102
2016-05-22,62
2021-10-29,74
2015-12-31,102
2019-05-22,97
2019-05-01,77
2021-09-17,78
2021-09-03,69
2021-09-21,61
2015-01-04,66
2015-01-21,60
2015-01-07,97
2015-01-08,68
2022-02-06,87
2020-04-11,80
2016-07-14,97
2016-07-21,72
2020-05-24,92
2016-12-10,90
2016-05-26,52
2016-05-25,63
2016-05-23,69
2021-10-08,88
2015-12-11,61
2015-12-15,79
2015-12-17,77
2015-12-05,89
2022-03-02,76
2021-09-19,87
2022-02-25,82
2022-02-19,78
2020-04-03,57
2018-11-13,48
2016-12-01,52
2018-03-16,100
2016-05-12,76
2016-05-05,68
2021-10-03,93
2021-10-02,69
2022-09-17,74
2022-09-02,92
2015-12-04,70
2022-03-31,77
2016-01-13,79
2016-01-07,117
2022-02-13,86
2022-02-11,71
2022-02-24,75
2017-01-31,76
2017-01-21,88
2016-12-07,91
2016-12-29,107
2016-12-21,83
2016-05-20,51
2016-05-27,62
2021-10-07,103
2021-10-24,54
2022-09-04,113
2015-12-16,77
2020-04-16,69
2017-01-17,91
2018-11-03,46
2018-11-23,44
2016-07-07,84
2016-07-05,55
2020-05-17,84
2020-05-01,72
2018-03-18,78
2018-03-24,60
2016-05-17,58
2022-09-16,92
2015-12-07,101
2019-05-03,117
2019-05-27,88
2019-05-12,51
2019-05-02,80
2021-09-14,84
2021-09-22,94
2021-09-04,90
2021-09-10,89
2016-01-21,93
2016-01-28,97
2016-01-22,91
2020-04-27,100
2020-04-09,55
2017-01-25,84
2017-01-04,113
2018-11-30,88
2016-07-22,82
2016-07-23,78
2016-12-09,75
2016-12-05,77
2018-03-08,100
2022-09-05,116
2015-12-24,34
2015-01-29,99
2015-01-17,62
2016-01-05,143
2016-01-17,62
2022-02-23,104
2020-04-22,83
2017-01-30,95
2018-11-18,48
2018-11-17,52
2020-05-10,80
2020-05-28,77
2020-05-27,83
2018-03-06,113
2018-03-15,87
2016-05-09,100
2022-09-10,88
2015-12-02,86
2015-12-10,77
2019-05-30,117
2021-09-25,62
2021-09-15,79
2021-09-02,72
2022-02-07,65
2020-04-02,68
2020-04-24,106
2016-07-10,67
2020-05-16,91
2016-12-22,64
2016-05-01,53
2021-10-12,76
2021-10-13,99
2021-10-25,68
2022-09-14,86
2015-12-26,56
2015-12-21,76
2022-03-05,70
2019-05-09,106
2015-01-30,82
2022-02-26,73
2017-01-03,144
2018-11-05,73
2020-05-11,102
2020-05-04,91
2016-12-18,96
2016-12-06,122
2016-12-26,81
2018-03-13,74
2016-05-07,54
2021-10-30,83
2021-10-10,98
2022-09-27,98
2022-09-30,84
2015-12-20,56
2022-03-23,106
2019-05-21,103
2021-09-24,81
2021-09-16,94
2021-09-27,77
2018-11-10,63
2016-12-30,122
2018-03-10,85
2018-03-22,88
2016-05-13,91
2021-10-26,86
2022-09-03,99
2015-12-12,55
2015-12-13,65
2022-03-19,63
2019-05-24,83
2019-05-31,75
2015-01-15,81
2015-01-22,68
2015-01-28,65
2020-04-12,62
2018-11-15,94
2018-11-20,102
2018-11-26,77
2018-03-05,114
2022-09-19,95
2015-12-25,41
2022-03-22,71
2019-05-20,78
2021-09-12,84
2015-01-19,48
2016-01-04,94
2020-04-23,111
2020-04-08,86
2018-11-06,77
2018-11-27,104
2018-11-14,45
2020-05-15,105
2020-05-26,97
2018-03-17,48
2016-05-30,96
2016-05-15,59
2021-10-04,65
2021-10-17,69
2021-10-05,59
2021-10-18,65
2022-09-09,88
2015-12-29,100
2019-05-26,79
2021-09-09,96
2021-09-28,87
2016-01-09,68
2022-02-16,92
2022-02-01,111
2018-11-04,64
2018-03-04,73
2016-05-19,55
2021-10-09,75
2022-03-04,70
2019-05-25,76
2019-05-19,77
2019-05-14,110
2021-09-30,69
2016-01-16,87
2020-04-04,75
2018-11-07,57
2018-11-09,77
2016-07-30,64
2020-05-03,85
2016-12-02,81
2018-03-27,85
2018-03-02,84
2016-05-16,76
2021-10-27,77
2021-10-06,93
2022-09-29,93
2015-01-01,82
2016-01-29,82
2017-01-07,88
2017-01-24,81
2016-07-08,75
2016-12-15,69
2021-10-16,55
2022-03-21,78
2019-05-04,119
2019-05-15,107
2019-05-16,97
2015-01-31,61
2016-01-10,61
2020-04-17,80
2017-01-20,95
2018-11-24,59
2018-11-22,67
2020-05-07,103
2016-05-11,89
2015-12-28,103
2015-12-06,79
2022-03-26,71
2022-03-01,65
2019-05-11,78
2021-09-06,100
2022-02-08,93
2020-04-25,76
2020-04-28,100
2020-04-21,79
2017-01-28,79
2017-01-02,109
2017-01-10,114
2017-01-05,100
2017-01-14,89
2018-11-08,79
2016-07-18,112
2016-07-04,48
2020-05-13,101
2020-05-30,92
2020-05-31,85
2016-12-12,123
2016-12-31,96
2018-03-31,79
2018-03-11,82
2018-03-12,90
2022-09-13,82
2022-03-06,107
2021-09-05,107
2015-01-10,91
2015-01-26,68
2015-01-02,89
2018-11-19,73
2016-07-11,61
2016-07-25,84
2020-05-18,103
2016-12-04,77
2016-05-31,77
2018-01-20,65
2018-01-31,83
2016-06-07,85
2016-06-24,62
2015-03-09,78
2016-02-27,86
2014-12-30,80
2014-12-08,66
2014-12-05,44
2014-12-12,49
2016-09-11,51
2018-07-15,58
2015-11-22,45
2017-12-25,48
2015-02-10,55
2015-02-18,91
2014-07-13,86
2018-02-19,129
2018-02-17,96
2018-02-06,72
2017-03-20,93
2015-09-06,51
2015-10-17,44
2018-01-09,211
2015-03-04,70
2014-12-11,89
2016-09-24,49
2018-07-12,63
2018-07-10,66
2014-07-29,57
2014-07-20,42
2016-04-11,87
2016-04-19,52
2016-04-25,89
2018-02-18,104
2018-10-29,105
2016-08-30,81
2017-08-22,118
2017-03-19,67
2017-03-28,79
2015-09-30,49
2015-09-15,87
2015-09-03,61
2018-01-08,118
2016-06-12,62
2016-06-15,70
2016-06-29,77
2014-12-06,81
2017-12-19,88
2017-12-24,63
2014-07-12,37
2016-04-14,52
2018-02-26,96
2016-08-31,68
2017-08-31,84
2015-09-22,77
2015-10-19,83
2015-10-29,52
2016-03-29,113
2016-06-30,77
2015-03-07,40
2015-03-27,86
2016-02-17,86
2016-02-28,75
2014-12-23,67
2015-11-18,112
2015-11-25,69
2014-07-23,74
2018-10-23,73
2017-08-24,89
2017-03-29,76
2017-03-26,81
2017-03-02,78
2015-09-17,61
2015-10-21,57
2014-12-16,79
2014-12-26,72
2014-12-09,60
2016-09-02,87
2018-07-28,85
2018-07-04,51
2017-12-31,84
2017-12-07,85
2015-02-05,72
2015-02-04,60
2014-07-10,57
2016-04-21,74
2018-02-25,77
2018-10-22,66
2018-10-12,64
2018-10-10,72
2016-08-08,49
2016-08-29,55
2015-10-01,56
2015-10-27,75
2018-01-12,130
2016-03-23,80
2016-03-16,72
2016-06-27,62
2015-03-25,49
2016-09-06,80
2018-07-13,59
2015-02-19,71
2015-02-07,52
2015-02-12,75
2018-02-12,90
2018-10-16,61
2016-08-18,75
2016-08-16,71
2017-08-04,66
2017-03-12,71
2015-09-24,48
2016-06-23,92
2016-06-22,56
2015-03-11,84
2016-09-04,70
2015-11-09,72
2015-02-01,48
2015-02-14,46
2015-02-15,54
2014-07-27,49
2014-07-08,53
2014-07-28,56
2016-04-16,38
2018-02-20,101
2017-03-17,85
2015-09-11,80
2015-09-16,60
2015-10-06,89
2015-10-20,74
2018-01-17,113
2018-01-01,63
2018-01-05,109
2018-01-10,109
2018-01-13,89
2016-06-26,47
2016-06-02,84
2016-02-06,63
2014-12-17,40
2016-09-21,67
2016-09-25,89
2018-07-09,124
2018-07-26,76
2017-12-04,57
2017-12-05,87
2015-02-22,69
2014-07-05,42
2016-04-27,87
2016-04-01,45
2016-04-20,104
2018-02-27,109
2018-02-21,77
2018-10-03,63
2018-10-02,63
2018-10-13,42
2016-08-24,68
2017-08-18,54
2015-09-13,54
2015-09-10,90
2015-09-14,59
2015-10-07,55
2018-01-02,105
2018-01-25,140
2016-03-11,60
2016-06-18,46
2015-03-21,32
2015-03-22,77
2015-03-01,69
2016-02-16,104
2016-02-22,105
2016-09-26,81
2016-09-10,86
2017-12-23,45
2015-02-25,69
2016-04-06,55
2018-10-24,69
2018-10-25,74
2016-08-28,83
2016-08-14,32
2017-03-30,50
2017-03-08,60
2015-10-31,69
2018-01-15,91
2016-03-18,85
2016-06-25,57
2015-03-10,69
2015-03-23,59
2015-03-17,52
2016-02-03,85
2016-02-20,75
2014-12-20,52
2014-12-03,58
2014-12-10,54
2014-12-29,99
2018-07-16,60
2015-11-30,79
2018-10-18,79
2016-08-26,65
2015-10-09,68
2016-03-30,51
2016-03-06,77
2016-02-09,69
2016-09-19,79
2016-09-09,113
2018-07-20,63
2018-07-21,54
2018-07-05,91
2015-11-21,102
2017-12-18,118
2015-02-17,84
2014-07-24,48
2018-02-13,78
2016-08-04,55
2016-08-20,55
2016-08-15,102
2016-08-01,89
2017-08-06,38
2017-08-10,88
2017-08-03,47
2017-03-03,78
2017-03-21,100
2015-09-26,56
2015-10-25,48
2016-03-03,99
2016-06-14,78
2016-06-01,93
2016-06-05,74
2016-06-17,50
2015-03-14,44
2016-02-24,80
2016-02-23,98
2014-12-24,93
2014-12-18,45
2015-11-11,71
2017-12-01,88
2015-02-26,82
2014-07-11,38
2018-02-08,86
2018-10-19,89
2018-10-31,62
2016-08-03,97
2017-03-07,62
2017-03-13,91
2015-09-19,48
2018-01-28,96
2018-01-03,83
2015-03-13,80
2016-02-14,57
2014-12-04,62
2016-09-27,81
2016-09-01,56
2018-07-03,51
2015-11-03,103
2015-11-08,71
2017-12-16,50
2014-07-07,61
2014-07-22,48
2016-04-03,34
2016-04-24,72
2017-08-05,48
2017-08-09,62
2017-08-01,85
2017-03-24,64
2015-09-05,52
2015-09-28,69
2015-10-02,75
2016-03-09,82
2016-03-05,76
2016-06-11,54
2016-06-04,51
2016-06-09,62
2015-03-12,50
2016-02-18,86
2016-09-28,71
2016-09-15,72
2018-07-31,106
2018-07-06,91
2015-11-28,49
2015-11-15,79
2017-12-12,60
2015-02-21,68
2016-04-13,57
2018-02-16,100
2018-02-23,84
2017-08-21,60
2017-03-22,55
2017-03-31,57
2015-10-12,85
2018-01-21,83
2016-03-14,62
2016-03-17,60
2015-03-30,89
2016-02-08,77
2016-02-02,55
2014-12-28,77
2014-12-25,37
2018-07-23,91
2014-07-04,43
2014-07-25,44
2016-04-30,59
2018-10-14,48
2016-08-13,79
2016-08-12,72
2016-08-17,57
2017-08-30,98
2017-03-27,94
2015-09-20,38
2015-09-01,64
2015-10-15,54
2018-01-11,122
2016-03-12,96
2016-06-21,73
2016-06-19,58
2015-03-02,73
2015-03-26,63
2015-03-28,56
2016-02-12,62
2016-02-15,102
2014-12-07,55
2016-09-29,54
2016-09-22,68
2016-09-18,41
2016-09-20,52
2015-11-27,53
2015-11-10,80
2017-12-17,79
2017-12-26,97
2017-12-21,46
2015-02-28,68
2016-04-26,68
2018-10-21,50
2016-08-02,72
2017-08-13,72
2017-08-27,74
2017-03-14,87
2015-09-25,57
2015-10-24,70
2015-10-22,88
2018-01-22,71
2016-03-27,74
2016-03-10,49
2016-02-13,49
2015-02-13,64
2014-07-18,61
2014-07-31,53
2016-04-09,51
2018-02-04,61
2018-02-24,84
2018-02-10,77
2016-08-22,59
2017-08-11,53
2017-03-04,60
2015-10-04,53
2016-03-25,78
2016-03-28,53
2016-03-21,70
2016-06-08,90
2015-03-31,45
2015-03-06,53
2016-02-26,58
2016-09-14,75
2016-09-12,52
2018-07-25,98
2018-07-11,90
2015-11-13,53
2015-11-26,44
2015-11-14,34
2015-02-06,66
2018-10-26,63
2017-03-06,74
2017-03-18,71
2018-01-18,130
2018-01-26,133
2016-03-22,82
2015-03-08,51
2015-03-15,55
2016-02-19,101
2016-02-21,89
2016-09-07,75
2018-07-22,82
2018-07-14,61
2015-11-29,69
2015-02-03,37
2016-04-02,44
2016-04-07,65
2018-02-15,85
2018-02-22,62
2018-10-05,57
2017-08-15,84
2017-03-25,60
2015-09-02,53
2015-09-12,70
2015-09-08,74
2015-09-04,45
2015-10-05,55
2015-10-14,68
2018-01-04,86
2018-01-24,86
2015-03-19,56
2016-09-05,47
2018-07-19,57
2015-11-24,58
2015-11-19,51
2017-12-20,83
2017-12-08,73
2015-02-23,63
2014-07-03,40
2017-08-25,68
2017-08-19,51
2016-03-04,83
2016-06-13,59
2014-12-27,62
2018-07-02,82
2017-12-09,61
2017-12-22,67
2016-04-04,75
2018-02-07,86
2018-02-28,101
2016-08-25,67
2015-09-07,68
2015-10-03,58
2015-10-26,75
2016-03-07,84
2016-06-28,86
2016-06-06,76
2015-03-16,42
2016-02-25,90
2015-11-01,107
2016-04-08,79
2016-04-23,51
2016-08-23,56
2017-03-15,82
2015-09-09,48
2014-12-14,59
2018-07-29,83
2015-11-05,87
2014-07-14,44
2014-07-06,28
2014-07-16,49
2016-04-18,69
2015-09-18,55
2015-10-16,56
2015-10-28,52
2015-10-08,66
2016-03-24,70
2015-03-03,65
2016-02-05,94
2017-12-30,84
2017-12-06,71
2018-02-03,52
2016-08-05,67
2016-03-01,112
2016-03-19,43
2016-03-20,57
2016-09-08,71
2017-12-13,80
2014-07-02,56
2016-04-12,87
2018-02-01,65
2018-02-09,80
2018-10-28,71
2018-10-20,73
2016-08-09,79
2016-08-19,85
2016-08-21,76
2017-08-28,59
2017-08-12,73
2017-03-11,74
2015-09-21,58
2015-09-27,56
2015-10-18,69
2018-01-27,68
2018-01-23,91
2018-01-30,95
2016-06-10,68
2016-02-11,66
2014-12-13,65
2014-12-02,60
2016-09-23,63
2016-09-17,41
2015-11-16,68
2015-11-04,91
2015-11-17,62
2015-11-12,92
2017-12-15,63
2017-12-27,88
2017-12-03,71
2015-02-08,59
2014-07-19,38
2018-02-05,61
2017-08-02,95
2017-08-08,73
2017-03-05,78
2015-10-11,59
2018-01-29,98
2018-01-19,97
2016-03-26,67
2016-03-02,82
2016-06-16,62
2016-02-01,89
2016-02-07,52
2014-12-31,86
2014-12-15,67
2016-09-30,112
2018-07-24,79
2018-07-27,89
2015-11-07,78
2015-11-06,74
2017-12-28,92
2017-12-14,74
2015-02-09,45
2014-07-17,46
2016-04-22,74
2016-04-10,60
2016-04-15,48
2018-10-27,60
2016-08-07,60
2017-08-07,79
2017-08-23,90
2017-03-23,77
2017-03-01,103
2015-10-30,56
2018-01-16,76
2016-06-03,73
2015-03-20,63
2016-02-10,67
2018-07-07,70
2017-12-11,84
2015-02-20,54
2015-02-11,97
2014-07-15,59
2014-07-30,54
2016-04-28,95
2016-04-17,56
2018-02-11,83
2018-02-14,79
2018-10-09,75
2016-08-11,69
2017-08-16,92
2017-08-17,74
2015-10-13,68
2016-03-31,79
2016-03-15,66
2016-03-13,53
2015-03-18,71
2018-07-08,58
2017-12-29,79
2014-07-01,51
2018-02-02,52
2018-10-08,61
2016-08-27,72
2015-09-29,68
2015-10-10,57
2018-01-14,66
2018-01-06,110
2015-03-24,72
2016-09-03,71
2018-07-18,67
2015-11-20,56
2015-02-16,67
2014-07-26,54
2018-10-04,48
2018-10-07,70
2016-08-06,59
2017-08-29,73
2016-06-20,83
2016-02-29,80
2014-12-21,47
2014-12-22,82
2016-09-13,107
2017-12-10,65
2015-02-24,69
2015-02-02,58
2015-02-27,70
2014-07-21,47
2016-04-05,57
2016-04-29,68
2018-10-30,71
2018-10-15,59
2018-10-01,50
2016-08-10,65
2017-08-20,67
2017-03-10,91
2017-03-09,62
2017-03-16,83
2015-09-23,50
2018-01-07,63
2016-03-08,61
2015-03-29,53
2015-03-05,64
2016-02-04,77
2014-12-01,71
2014-12-19,47
2016-09-16,43
2018-07-30,79
2018-07-01,59
2018-07-17,80
2015-11-23,69
2015-11-02,95
2017-12-02,61
2014-07-09,48
2018-10-06,47
2018-10-11,63
2018-10-17,70
2017-08-14,96
2017-08-26,68
2015-10-23,81
2016-11-23,54
2017-09-11,54
2017-09-18,63
2018-08-31,53
2015-08-02,43
2018-04-02,95
2018-04-28,41
2018-04-24,102
2018-04-03,81
2017-07-12,96
2016-10-24,63
2015-07-20,82
2014-01-06,47
2017-10-13,69
2017-10-03,57
2013-01-01,34
2014-04-15,27
2014-08-24,37
2014-08-12,47
2015-05-02,29
2015-05-24,48
2017-04-09,48
2017-09-21,62
2018-08-01,100
2018-04-06,101
2018-04-17,70
2017-07-13,113
2017-07-28,70
2013-12-03,39
2013-12-19,41
2016-10-21,70
2016-10-04,91
2016-10-18,50
2015-07-08,57
2015-07-25,45
2014-01-30,35
2013-01-29,23
2013-01-04,46
2013-01-21,20
2014-04-28,43
2014-04-08,27
2014-04-18,30
2017-02-03,68
2015-05-08,59
2015-05-27,54
2017-04-24,75
2017-04-17,79
2017-04-11,55
2016-11-06,65
2016-11-20,53
2018-08-11,52
2017-07-27,90
2013-12-15,34
2013-12-06,40
2016-10-01,73
2015-07-06,50
2014-01-02,50
2017-10-28,60
2018-06-18,70
2014-04-30,39
2014-04-24,23
2017-02-22,79
2018-05-01,74
2015-05-14,72
2015-05-05,55
2017-04-10,67
2016-11-17,55
2017-09-16,54
2017-09-28,80
2018-08-06,83
2015-08-21,68
2017-07-20,79
2017-07-04,34
2017-11-10,69
2017-11-21,47
2017-11-20,58
2013-12-02,53
2016-10-26,56
2016-10-10,76
2015-07-09,35
2015-07-02,62
2014-01-17,39
2018-06-08,76
2013-01-18,44
2013-01-11,32
2017-02-08,97
2017-02-26,68
2014-08-08,58
2018-09-16,40
2018-05-19,46
2015-05-04,63
2015-05-16,43
2017-04-05,60
2015-08-13,68
2017-07-06,44
2017-07-18,80
2017-07-08,35
2017-11-24,45
2017-11-12,61
2017-11-25,56
2016-10-13,53
2016-10-19,67
2016-10-09,54
2014-01-19,27
2014-01-03,40
2014-04-25,42
2017-02-27,80
2017-02-05,66
2014-08-15,45
2018-09-12,73
2018-09-19,62
2015-05-03,64
2015-05-21,47
2015-05-26,46
2016-11-22,59
2018-08-30,49
2018-04-05,111
2018-04-26,85
2018-04-19,70
2017-11-04,64
2015-07-23,50
2018-06-15,87
2014-04-22,44
2014-08-21,64
2018-05-04,60
2018-05-05,48
2015-05-12,74
2017-04-26,63
2017-04-08,52
2016-11-07,77
2016-11-25,46
2018-08-23,58
2018-08-03,91
2015-08-03,60
2017-07-11,70
2017-07-09,50
2017-11-22,46
2017-11-09,80
2017-11-15,102
2016-10-15,76
2015-07-28,61
2015-07-17,84
2014-01-28,50
2017-10-05,56
2017-10-31,103
2014-04-07,56
2014-04-13,29
2018-09-27,53
2018-09-03,58
2018-09-08,69
2018-05-26,66
2016-11-10,64
2016-11-16,75
2017-09-19,74
2017-09-05,75
2018-08-12,62
2015-08-18,71
2017-11-17,58
2013-12-04,36
2016-10-02,71
2014-01-12,46
2017-10-14,61
2017-10-20,48
2018-06-19,71
2013-01-24,60
2017-02-18,105
2018-09-07,88
2017-04-02,71
2017-04-27,79
2017-04-25,75
2017-09-13,66
2017-09-17,85
2018-08-10,71
2018-08-19,59
2018-08-02,108
2015-08-06,67
2013-12-05,44
2015-07-15,58
2015-07-30,71
2014-01-13,40
2014-01-10,38
2017-10-24,71
2018-06-28,74
2013-01-22,55
2017-02-01,71
2017-02-21,70
2014-08-27,58
2014-08-23,51
2014-08-04,55
2018-09-05,77
2018-05-12,51
2018-05-14,75
2017-04-13,73
2015-08-25,60
2015-08-31,64
2018-04-25,97
2016-10-06,48
2018-06-17,72
2013-01-27,27
2014-08-11,42
2018-09-21,53
2018-09-10,49
2016-11-09,64
2015-08-16,38
2015-08-19,56
2018-04-09,100
2017-11-01,62
2013-12-18,41
2013-12-26,39
2016-10-03,61
2015-07-10,91
2015-07-04,41
2014-01-23,33
2018-06-11,66
2018-06-12,74
2013-01-09,44
2014-08-01,54
2018-09-17,53
2018-09-25,33
2016-11-13,45
2016-11-27,45
2017-09-07,83
2017-09-06,77
2017-09-12,63
2015-08-26,45
2015-08-29,49
2018-04-01,58
2017-11-19,65
2017-11-18,50
2013-12-20,25
2013-12-21,38
2014-01-15,36
2014-01-29,60
2014-01-05,38
2018-06-05,73
2018-06-29,108
2018-06-09,74
2013-01-20,20
2014-04-19,19
2018-09-18,77
2018-09-13,55
2017-04-20,68
2017-09-22,41
2018-08-07,59
2017-11-23,40
2013-12-12,32
2015-07-01,51
2015-07-12,38
2015-07-22,76
2014-01-14,63
2014-01-24,35
2017-10-17,48
2017-10-06,43
2018-06-25,61
2013-01-31,35
2013-01-16,26
2013-01-10,39
2017-02-25,73
2017-02-04,91
2014-08-06,35
2014-08-17,53
2014-08-22,41
2018-09-30,46
2018-05-10,42
2015-05-13,44
2017-04-22,85
2018-08-04,68
2018-08-29,66
2018-04-29,53
2017-11-03,83
2013-12-10,38
2013-12-30,56
2016-10-23,66
2015-07-11,48
2015-07-18,63
2017-10-04,63
2014-04-10,30
2014-08-07,62
2018-05-18,49
2016-11-21,72
2015-08-15,48
2017-07-31,71
2017-07-24,57
2013-12-24,36
2013-12-28,49
2013-12-31,68
2013-12-23,31
2015-07-27,70
2015-07-05,45
2014-01-20,46
2017-10-02,49
2013-01-06,47
2013-01-25,31
2014-04-17,31
2014-04-03,25
2017-02-23,78
2018-05-23,60
2018-05-08,85
2018-05-22,77
2018-05-03,94
2016-11-01,67
2015-08-08,49
2018-04-13,66
2018-04-14,73
2016-10-14,62
2014-01-01,50
2018-06-22,55
2013-01-13,43
2013-01-07,33
2013-01-12,35
2017-02-10,64
2014-08-26,38
2018-09-14,84
2018-05-11,59
2018-05-07,60
2015-05-30,76
2015-05-20,52
2017-04-14,64
2017-04-21,70
2016-11-04,58
2017-09-27,78
2018-08-09,85
2018-08-26,53
2015-08-01,35
2017-11-05,65
2013-12-27,59
2016-10-27,72
2018-06-03,76
2013-01-26,23
2014-04-27,31
2014-04-16,34
2017-02-19,56
2014-08-02,38
2018-09-20,66
2018-09-26,79
2018-05-15,66
2018-05-20,54
2016-11-19,42
2017-09-10,62
2015-08-30,48
2017-07-15,67
2017-11-08,53
2013-12-16,27
2016-10-25,79
2016-10-12,81
2014-01-25,40
2017-10-10,47
2018-06-14,75
2018-06-06,83
2013-01-14,58
2014-04-12,25
2014-04-02,33
2014-04-23,48
2017-02-09,91
2017-02-28,63
2017-02-14,72
2017-04-12,63
2017-04-23,47
2018-08-22,80
2015-08-09,61
2015-08-14,72
2018-04-30,77
2018-04-04,75
2017-07-26,87
2017-07-03,56
2017-11-28,68
2017-11-14,70
2013-12-08,33
2016-10-31,74
2016-10-28,54
2015-07-26,46
2017-10-18,56
2013-01-30,39
2014-04-09,23
2018-09-15,65
2018-05-21,57
2018-05-13,58
2015-05-15,40
2017-04-15,51
2017-09-20,117
2017-09-02,60
2018-08-05,62
2018-08-28,68
2015-08-07,52
2017-07-30,65
2017-11-06,63
2017-11-26,42
2015-07-19,54
2014-01-04,66
2014-01-16,37
2014-01-31,45
2014-01-11,29
2018-06-13,79
2017-02-11,102
2017-02-02,97
2017-02-13,93
2014-08-25,55
2014-08-18,41
2018-09-06,83
2018-05-16,65
2015-05-28,60
2015-05-31,79
2016-11-12,51
2018-08-24,75
2018-08-14,64
2018-08-21,72
2015-08-24,71
2017-07-23,74
2017-11-11,43
2015-07-14,81
2015-07-07,53
2014-01-27,38
2017-10-15,51
2018-06-04,82
2013-01-19,30
2014-04-29,30
2018-05-25,100
2018-05-31,62
2015-05-10,41
2017-04-28,54
2017-04-16,58
2017-09-08,66
2015-08-11,42
2018-04-15,71
2018-04-22,45
2017-11-07,74
2013-12-07,30
2016-10-20,50
2015-07-03,53
2017-10-09,73
2017-10-12,71
2017-10-27,88
2014-04-26,38
2014-08-20,52
2018-05-24,77
2018-05-09,61
2015-05-06,39
2016-11-18,65
2016-11-26,56
2017-09-09,70
2017-09-03,76
2017-09-26,107
2018-08-27,87
2018-04-10,91
2018-04-07,81
2018-04-27,73
2013-12-01,20
2016-10-05,69
2016-10-22,52
2016-10-07,61
2015-07-16,57
2017-10-25,54
2018-06-01,59
2013-01-02,61
2014-04-11,44
2017-02-16,77
2018-09-11,71
2015-05-11,62
2015-05-18,47
2017-04-03,108
2017-09-30,50
2015-08-27,54
2017-07-22,91
2017-07-29,82
2017-11-27,80
2013-12-09,54
2013-12-14,35
2013-12-25,23
2016-10-30,52
2015-07-21,68
2015-07-24,51
2017-10-08,66
2017-10-11,81
2017-10-23,89
2018-06-23,69
2013-01-08,37
2017-02-20,72
2014-08-19,38
2014-08-05,53
2014-08-28,48
2018-05-30,91
2015-05-17,57
2015-05-23,59
2015-05-09,35
2017-04-19,82
2017-04-01,69
2016-11-02,51
2015-08-22,66
2015-08-28,69
2017-07-05,65
2017-07-14,58
2013-12-11,45
2017-10-22,44
2014-04-21,36
2014-08-03,42
2014-08-29,46
2018-09-28,55
2018-05-17,84
2018-05-28,51
2015-05-07,60
2015-05-19,59
2016-11-14,61
2016-11-29,65
2018-08-13,72
2015-08-05,58
2018-04-18,68
2018-04-16,83
2018-04-11,52
2018-04-12,96
2017-07-25,81
2017-07-07,57
2017-11-16,61
2016-10-29,41
2015-07-13,68
2015-07-31,61
2017-10-30,91
2018-06-21,95
2018-06-27,90
2018-06-24,42
2017-02-15,70
2017-02-12,55
2015-05-29,51
2017-04-29,55
2017-04-04,63
2016-11-28,61
2017-09-01,60
2017-09-25,89
2017-09-04,73
2018-08-08,99
2017-11-02,68
2013-12-17,42
2015-07-29,61
2014-01-08,47
2017-10-21,55
2018-06-16,43
2018-06-26,83
2018-06-02,58
2013-01-15,41
2017-02-24,69
2014-08-14,24
2018-09-01,69
2018-09-29,45
2018-09-09,89
2016-11-11,58
2017-09-23,40
2018-08-20,67
2015-08-17,66
2017-07-17,64
2017-07-19,100
2017-07-21,109
2017-11-30,98
2017-11-13,78
2017-11-29,81
2014-01-07,80
2014-01-21,35
2014-01-18,41
2017-10-19,71
2018-06-30,48
2013-01-17,35
2014-04-01,37
2014-04-20,23
2017-02-06,97
2017-02-17,77
2017-02-07,88
2014-08-30,41
2018-09-23,51
2018-05-02,89
2015-05-25,47
2017-04-07,61
2016-11-08,101
2017-09-24,54
2018-08-17,63
2018-08-15,56
2018-08-18,53
2015-08-23,71
2017-07-10,33
2017-07-02,46
2014-01-26,45
2014-01-09,51
2017-10-07,51
2018-06-10,65
2018-06-20,91
2014-04-06,24
2014-04-14,30
2014-08-31,52
2018-09-24,78
2018-09-02,61
2018-09-22,57
2017-04-18,88
2017-04-30,50
2016-11-24,43
2017-09-29,72
2017-09-14,73
2015-08-12,43
2018-04-20,75
2018-04-21,87
2018-04-08,66
2017-07-01,54
2016-10-16,53
2017-10-16,75
2017-10-26,45
2018-06-07,74
2014-04-04,53
2014-08-13,46
2018-09-04,72
2018-05-27,63
2018-05-06,63
2017-04-06,44
2016-11-30,58
2016-11-15,69
2016-11-05,57
2018-08-16,77
2015-08-20,66
2018-04-23,116
2017-07-16,68
2013-12-29,61
2013-12-13,33
2016-10-11,84
2014-01-22,50
2017-10-29,80
2013-01-03,63
2013-01-05,42
2018-05-29,71
2015-05-01,51
2015-05-22,52
2016-11-03,69
2017-09-15,73
2018-08-25,39
2015-08-04,53
2015-08-10,77
2013-12-22,28
2016-10-17,74
2016-10-08,56
2017-10-01,45
2013-01-23,48
2014-08-10,29
2014-08-09,31
2014-08-16,45
2015-04-27,45
2014-10-21,40
2014-10-06,44
2017-06-04,28
2014-02-07,44
2014-02-22,36
2014-11-07,43
2014-11-28,39
2014-11-22,56
2013-10-14,28
2013-10-27,10
2015-06-25,82
2015-06-12,35
2015-04-25,45
2015-04-16,57
2015-04-19,31
2014-10-02,51
2014-10-07,39
2014-09-03,41
2014-09-13,67
2012-12-14,17
2014-11-15,36
2017-05-22,54
2014-05-06,33
2015-06-27,44
2014-10-09,60
2017-06-07,60
2017-06-18,65
2014-09-16,43
2017-05-16,73
2014-05-02,28
2015-06-21,46
2014-06-29,35
2014-06-03,36
2014-10-10,48
2017-06-16,59
2017-06-21,71
2017-06-30,46
2014-02-15,34
2014-09-07,32
2012-12-28,53
2012-12-08,27
2012-12-12,35
2014-11-29,37
2014-11-01,44
2013-10-07,33
2013-10-25,24
2013-10-10,37
2017-05-30,58
2017-05-14,60
2014-05-17,20
2015-06-19,72
2023-03-10,81
2023-03-05,101
2014-09-08,78
2013-10-21,29
2017-05-12,56
2015-06-01,51
2014-06-01,34
2014-06-26,26
2015-04-13,76
2015-04-01,51
2023-03-15,74
2014-02-28,35
2014-11-14,51
2013-10-11,22
2015-06-17,67
2015-06-29,41
2015-04-04,40
2015-04-20,68
2014-10-23,41
2017-06-20,66
2014-02-11,70
2014-02-25,41
2014-09-15,50
2012-12-07,44
2012-12-09,39
2014-11-09,53
2014-11-17,48
2013-10-06,14
2014-05-09,36
2014-06-16,26
2014-06-20,36
2015-04-15,64
2014-10-31,59
2014-10-08,46
2014-09-11,58
2014-09-17,57
2014-09-29,58
2012-12-31,46
2012-12-24,28
2014-11-02,48
2013-10-01,22
2013-10-26,20
2013-10-09,27
2017-05-04,36
2017-05-05,44
2014-05-04,30
2015-06-06,38
2014-06-15,26
2014-06-13,36
2015-04-18,62
2015-04-26,31
2014-10-22,45
2023-03-07,120
2017-06-09,79
2014-02-27,30
2014-02-12,34
2014-02-08,26
2014-02-01,29
2012-12-22,15
2012-12-06,39
2014-11-24,64
2014-11-16,42
2014-11-13,50
2014-11-10,40
2017-05-15,74
2014-05-10,23
2015-04-03,98
2015-04-23,45
2014-09-24,51
2014-11-11,52
2017-05-09,46
2014-05-19,41
2015-04-09,64
2023-03-04,81
2023-03-14,89
2017-06-22,71
2017-05-26,60
2015-06-11,62
2014-06-27,36
2015-04-21,37
2014-10-29,63
2017-06-03,55
2014-02-04,32
2014-02-05,66
2014-02-24,39
2014-09-25,60
2012-12-13,35
2012-12-10,25
2014-11-08,32
2014-11-20,57
2017-05-13,41
2014-05-13,31
2012-12-16,23
2015-06-16,69
2014-06-28,43
2015-04-08,72
2014-10-03,46
2014-02-20,27
2014-11-06,60
2013-10-23,32
2017-05-23,48
2017-05-02,82
2015-06-07,49
2014-06-12,51
2015-04-24,84
2015-04-11,41
2017-06-25,53
2017-06-08,70
2017-06-28,66
2014-09-30,62
2014-09-23,47
2012-12-27,40
2012-12-01,17
2014-11-05,45
2017-05-20,61
2014-05-08,32
2014-10-26,50
2014-10-25,39
2014-10-15,38
2014-10-30,54
2023-03-09,96
2023-03-02,110
2017-06-01,84
2017-06-14,50
2014-09-01,26
2014-11-04,38
2017-05-31,62
2014-05-20,34
2014-06-10,39
2014-10-13,67
2014-02-06,43
2014-02-03,52
2014-09-02,55
2012-12-23,39
2013-10-12,18
2013-10-15,27
2014-05-29,50
2014-05-03,26
2015-06-28,46
2015-06-10,37
2014-02-26,43
2014-09-20,57
2014-09-04,59
2014-09-18,43
2012-12-29,62
2017-05-17,85
2017-05-10,33
2014-06-09,35
2015-04-12,43
2015-04-22,46
2015-04-28,48
2012-12-11,37
2014-11-21,56
2014-11-27,48
2014-11-03,57
2013-10-28,29
2014-05-11,30
2015-06-22,46
2015-06-24,57
2015-04-30,65
2014-10-18,33
2014-10-12,27
2014-02-23,28
2014-02-09,42
2014-09-14,46
2012-12-04,51
2014-11-25,33
2013-10-22,16
2014-06-22,27
2015-04-14,60
2014-10-11,42
2014-10-14,59
2023-03-11,88
2017-06-02,39
2014-09-21,51
2012-12-03,36
2013-10-03,27
2017-05-18,72
2015-06-14,49
2014-06-05,25
2015-04-06,70
2014-10-17,37
2014-10-05,40
2023-03-06,97
2017-06-10,48
2014-02-16,33
2014-09-27,36
2012-12-30,47
2012-12-18,32
2014-11-18,56
2013-10-30,58
2013-10-08,33
2013-10-31,26
2013-10-13,15
2014-05-27,22
2015-06-26,48
2014-06-23,34
2014-06-24,36
2014-10-28,45
2023-03-16,86
2017-06-05,86
2014-02-17,28
2012-12-05,27
2013-10-19,22
2017-05-06,41
2017-05-11,69
2017-05-21,50
2014-05-28,58
2014-05-15,40
2014-05-21,29
2015-06-04,66
2014-06-14,36
2023-03-12,77
2014-02-10,45
2014-09-09,72
2012-12-21,15
2013-10-05,20
2013-10-18,31
2017-05-29,59
2014-05-26,46
2015-06-05,56
2015-06-02,35
2017-06-24,64
2014-02-21,39
2012-12-15,34
2013-10-20,20
2013-10-17,35
2013-10-04,19
2013-10-29,21
2017-05-25,64
2017-05-27,50
2014-05-01,33
2014-05-05,37
2014-05-14,45
2014-06-08,26
2014-06-21,35
2014-09-26,34
2014-09-12,28
2014-09-19,45
2014-11-30,58
2014-11-12,82
2014-05-16,33
2014-05-22,35
2014-05-18,26
2015-06-09,53
2015-06-13,35
2014-06-30,41
2014-10-20,48
2023-03-17,51
2014-09-05,33
2014-09-28,52
2015-06-08,59
2015-04-17,56
2015-04-05,47
2014-10-01,47
2023-03-08,113
2017-06-23,67
2017-06-06,74
2014-02-19,35
2013-10-02,60
2014-05-30,39
2014-05-31,35
2015-06-03,74
2014-06-06,24
2014-10-19,42
2023-03-01,114
2017-06-19,58
2017-06-15,60
2017-06-12,60
2014-02-02,31
2012-12-19,44
2017-05-07,51
2015-06-30,63
2015-06-20,40
2014-06-18,40
2014-06-11,41
2014-06-25,40
2015-04-07,62
2014-10-04,37
2023-03-03,101
2017-06-27,42
2017-06-11,48
2012-12-17,38
2013-10-24,35
2017-05-08,59
2017-05-28,55
2014-05-07,49
2015-06-23,76
2015-06-18,49
2014-06-19,37
2014-06-17,48
2014-06-04,30
2017-06-13,70
2017-06-26,66
2017-06-29,66
2014-02-18,40
2014-09-22,60
2014-09-10,64
2012-12-20,66
2012-12-25,41
2014-11-19,42
2013-10-16,29
2017-05-24,60
2014-05-12,40
2014-06-07,24
2015-04-29,47
2015-04-02,62
2014-10-16,42
2014-10-24,41
2014-10-27,43
2023-03-13,84
2017-06-17,69
2014-02-13,48
2014-09-06,60
2014-11-26,51
2014-11-23,48
2017-05-03,63
2017-05-01,54
2014-05-24,34
2014-05-25,28
2015-06-15,87
2014-06-02,27
2015-04-10,43
2013-01-28,33
2014-02-14,37
2012-12-26,49
2017-05-19,50
2012-12-02,14
2013-02-23,43
2014-03-23,25
2014-03-28,39
2014-03-12,45
2013-03-26,36
2013-03-01,19
2012-10-09,16
2012-10-22,15
2012-10-10,11
2012-10-26,16
2013-05-30,28
2013-09-20,22
2012-09-05,12
2011-08-09,9
2013-11-11,18
2013-11-22,35
2013-02-14,29
2014-03-29,24
2013-08-11,27
2013-03-04,25
2013-04-17,36
2012-10-15,13
2013-05-22,27
2013-05-18,15
2013-05-05,16
2013-09-08,31
2013-05-24,28
2011-12-02,16
2011-11-11,10
2013-11-19,59
2013-11-07,26
2013-11-02,24
2023-03-18,39
2013-02-02,24
2013-02-17,17
2014-03-25,49
2013-08-23,33
2013-03-18,16
2013-08-09,25
2013-05-16,23
2013-05-31,28
2013-09-14,36
2013-06-09,18
2012-09-02,7
2011-08-10,6
2013-02-21,43
2013-03-30,21
2013-04-04,30
2012-10-17,14
2013-07-14,20
2012-11-05,8
2013-06-20,27
2012-09-03,13
2011-11-28,21
2012-01-19,22
2012-01-08,13
2011-08-17,13
2013-11-16,19
2013-04-26,21
2013-04-03,21
2012-10-27,19
2013-07-01,16
2013-05-20,29
2011-12-23,14
2011-12-16,9
2013-06-30,14
2012-09-27,22
2012-09-17,16
2011-11-19,8
2012-01-24,8
2012-01-05,23
2011-08-26,9
2013-03-31,19
2012-10-31,14
2013-09-06,23
2011-12-30,30
2011-12-28,19
2013-09-21,17
2013-06-21,26
2013-06-28,23
2012-09-11,13
2012-09-23,11
2012-01-23,20
2012-11-03,7
2013-11-08,26
2014-03-05,43
2013-08-20,36
2013-08-21,28
2013-03-19,25
2013-03-17,23
2013-03-16,16
2012-10-12,8
2013-04-16,23
2013-07-19,27
2013-05-02,19
2012-11-30,23
2011-12-18,16
2011-12-04,8
2013-06-16,22
2013-06-26,31
2011-11-25,21
2012-01-15,9
2012-01-30,16
2013-11-27,42
2013-02-03,44
2013-08-06,35
2013-08-19,13
2013-03-08,23
2013-03-06,28
2012-10-21,10
2013-07-27,25
2013-05-07,37
2012-11-25,17
2012-11-09,19
2013-09-18,20
2013-06-10,15
2013-06-08,14
2013-06-02,27
2013-06-04,17
2011-11-06,7
2012-01-14,13
2011-08-29,9
2013-11-04,19
2013-08-24,19
2023-03-19,6
2013-03-14,22
2013-05-21,21
2013-05-12,22
2012-11-20,27
2013-09-10,32
2011-12-10,16
2011-12-21,17
2011-12-24,11
2013-11-28,36
2014-03-01,43
2013-08-25,22
2013-11-14,26
2013-07-31,19
2013-07-08,20
2013-05-26,25
2013-05-03,30
2012-11-21,18
2012-11-14,19
2012-11-12,10
2011-12-12,16
2011-12-29,19
2011-12-27,21
2013-06-24,23
2013-06-03,23
2013-06-12,40
2012-09-10,9
2011-11-24,4
2011-11-23,9
2013-11-13,34
2013-02-12,20
2013-08-18,18
2013-03-27,26
2013-03-05,39
2013-04-13,20
2013-04-09,35
2013-04-22,34
2013-04-27,24
2013-04-12,17
2012-10-05,20
2012-11-26,46
2012-11-28,26
2012-11-11,25
2012-11-06,13
2012-11-16,11
2011-12-20,28
2013-06-22,22
2011-11-02,10
2011-11-03,12
2011-08-03,10
2011-08-16,5
2014-03-21,39
2013-08-01,23
2013-03-24,33
2013-05-06,36
2013-05-09,28
2012-11-15,12
2013-06-27,20
2013-06-23,23
2012-09-15,12
2012-09-21,15
2012-09-16,8
2012-09-29,11
2011-11-07,13
2012-01-07,19
2011-08-11,6
2011-08-25,9
2013-02-08,42
2013-02-22,36
2013-08-07,37
2013-08-10,31
2013-03-13,20
2013-04-23,36
2012-10-30,11
2012-10-11,19
2013-07-28,25
2013-07-11,30
2013-09-12,22
2013-09-03,31
2012-09-20,15
2011-08-04,3
2013-11-09,22
2013-11-18,26
2013-11-12,12
2013-02-26,28
2013-02-10,19
2014-03-14,20
2013-08-28,20
2013-03-15,21
2013-07-05,11
2013-07-17,24
2012-11-08,11
2013-06-15,22
2011-11-13,8
2013-11-17,20
2013-02-19,20
2014-03-04,30
2013-08-29,33
2013-03-22,27
2013-04-24,32
2013-04-14,26
2013-04-28,27
2012-10-16,22
2013-07-09,40
2013-07-13,22
2012-11-13,19
2012-11-27,24
2013-09-28,18
2011-12-09,6
2013-06-25,20
2012-09-01,5
2012-09-06,19
2012-01-21,20
2012-01-17,15
2011-08-15,6
2011-08-24,14
2011-08-23,13
2013-02-25,32
2014-03-02,23
2014-03-18,33
2013-08-27,26
2013-03-12,33
2013-03-11,29
2013-03-28,28
2013-04-19,27
2013-07-26,31
2013-05-08,10
2012-11-22,12
2012-11-24,22
2013-09-30,13
2011-12-17,18
2011-12-22,13
2013-06-14,20
2011-11-12,8
2011-08-02,25
2013-11-10,22
2014-03-24,35
2012-10-06,13
2013-07-18,25
2013-07-21,20
2013-05-27,22
2012-11-23,7
2013-09-25,20
2013-06-01,20
2012-09-09,17
2012-01-11,18
2013-02-20,37
2013-04-02,23
2013-05-28,22
2013-05-01,22
2013-09-27,16
2012-09-19,13
2012-09-25,13
2012-01-02,11
2012-01-31,17
2013-11-15,30
2013-02-28,26
2014-03-30,32
2012-10-29,10
2012-10-08,13
2013-09-04,36
2013-06-07,27
2013-06-11,28
2012-09-30,8
2011-11-29,16
2014-03-19,35
2013-08-05,20
2013-08-22,37
2013-04-18,28
2013-04-07,29
2012-10-24,14
2013-07-12,21
2013-07-16,19
2013-09-02,27
2011-12-01,8
2011-12-25,8
2011-11-21,15
2012-01-13,6
2013-11-25,27
2013-02-01,17
2013-02-04,28
2014-03-07,38
2013-03-07,32
2013-04-11,23
2013-04-01,20
2013-04-15,20
2012-10-18,14
2012-10-04,10
2013-05-23,28
2013-05-19,21
2012-11-29,29
2011-12-15,21
2011-12-13,15
2012-09-14,12
2012-10-07,13
2011-11-14,12
2012-01-12,13
2012-01-06,15
2012-01-22,10
2012-01-29,8
2012-01-03,16
2011-08-08,5
2013-02-24,34
2013-02-06,28
2014-03-13,37
2014-03-06,43
2013-08-08,29
2013-03-20,36
2013-03-23,24
2013-07-02,30
2013-07-30,29
2013-07-04,32
2013-07-25,29
2013-02-16,22
2013-05-15,25
2012-11-17,17
2012-11-10,20
2011-12-11,9
2011-11-16,11
2011-11-22,13
2012-01-25,8
2012-01-16,9
2012-01-28,12
2013-02-27,41
2014-03-22,25
2013-08-02,19
2013-04-21,29
2013-04-30,17
2013-04-29,31
2012-10-13,11
2012-10-28,10
2013-07-23,32
2013-09-16,23
2013-09-15,16
2011-12-31,23
2012-01-26,11
2013-02-11,26
2014-03-20,27
2014-03-26,37
2012-10-02,16
2012-10-25,12
2013-07-03,24
2013-05-04,22
2012-09-07,13
2013-06-13,14
2011-11-09,15
2011-11-10,5
2012-01-09,19
2012-01-01,9
2011-08-01,11
2013-11-03,24
2013-02-05,26
2014-03-10,37
2013-08-13,58
2013-08-12,14
2013-03-02,36
2013-04-06,31
2013-05-29,37
2013-09-09,22
2013-09-01,21
2013-09-26,32
2013-06-06,23
2011-08-27,18
2014-04-05,31
2013-11-20,43
2013-11-23,27
2013-11-05,20
2013-11-24,29
2013-08-30,37
2013-04-25,18
2013-04-10,38
2013-04-20,31
2012-10-01,8
2013-07-07,10
2013-05-17,22
2012-11-04,12
2013-09-07,19
2013-09-19,19
2013-09-11,35
2011-11-15,9
2012-01-10,14
2011-08-05,9
2011-08-22,14
2013-11-06,25
2013-02-09,25
2013-02-07,36
2013-02-13,27
2014-03-11,27
2014-03-27,36
2014-03-15,28
2013-08-31,24
2012-10-03,18
2013-07-20,24
2013-07-10,24
2013-09-17,29
2011-12-06,11
2012-09-28,12
2011-11-04,19
2011-11-18,15
2011-11-30,21
2013-11-29,43
2014-03-17,41
2014-03-08,24
2013-03-25,26
2013-03-09,32
2013-05-25,22
2012-11-19,21
2013-09-24,26
2011-12-26,11
2011-12-19,12
2012-09-04,12
2012-09-22,10
2011-11-17,16
2011-08-06,11
2011-08-14,5
2013-11-21,33
2014-03-03,54
2014-03-31,29
2013-08-03,20
2013-08-04,11
2012-10-19,22
2013-07-15,28
2012-11-02,8
2013-09-23,24
2013-09-05,29
2011-12-14,15
2013-06-29,23
2013-06-19,25
2012-09-24,12
2011-08-31,16
2013-11-01,25
2013-02-18,35
2014-03-16,51
2013-08-17,19
2012-10-14,8
2013-07-06,25
2013-05-10,22
2013-05-11,12
2012-11-18,19
2011-12-05,9
2013-06-18,39
2012-09-13,22
2012-01-27,16
2011-08-07,12
2013-11-30,32
2013-11-26,37
2014-05-23,18
2013-02-15,36
2014-03-09,21
2013-08-15,50
2013-08-26,30
2013-08-14,16
2013-03-03,35
2013-03-29,49
2013-04-05,32
2013-04-08,37
2012-10-23,15
2013-07-24,28
2013-07-29,23
2013-05-14,22
2013-05-13,18
2013-09-13,13
2013-06-17,12
2011-11-05,12
2011-08-30,3
2013-08-16,26
2013-03-10,29
2013-03-21,27
2012-10-20,11
2013-07-22,31
2012-11-07,7
2013-09-29,12
2011-12-08,19
2011-12-07,12
2013-09-22,18
2013-06-05,31
2012-09-18,19
2011-11-08,12
2011-08-20,6
2012-08-02,7
2012-07-10,18
2012-07-30,9
2012-04-04,14
2011-03-22,10
2011-09-12,7
2011-09-08,9
2011-09-02,12
2011-09-29,11
2012-03-15,18
2012-06-20,13
2011-10-31,7
2011-10-30,11
2011-01-15,6
2011-04-02,5
2011-02-16,8
2011-06-13,8
2010-06-05,5
2010-12-06,7
2011-05-19,7
2010-09-20,8
2010-05-21,4
2010-11-09,3
2010-01-15,4
2007-12-24,2
2010-01-31,3
2009-07-30,2
2010-11-04,4
2008-11-14,1
2010-04-05,5
2010-05-28,4
2012-08-09,11
2011-09-21,11
2012-05-04,3
2011-05-25,10
2011-05-09,2
2012-03-31,8
2012-03-09,11
2012-03-27,5
2011-10-12,12
2011-01-01,15
2011-06-07,7
2010-08-10,5
2012-02-16,13
2010-06-01,4
2010-12-22,8
2011-05-07,4
2010-09-26,2
2010-10-27,6
2009-10-26,5
2010-01-03,2
2010-05-29,8
2009-05-21,4
2009-05-25,1
2012-07-18,12
2012-07-03,13
2012-01-18,7
2012-04-27,15
2011-03-10,5
2011-09-03,12
2011-11-20,11
2012-05-28,7
2012-05-10,10
2011-05-12,4
2012-06-05,13
2012-06-06,5
2011-10-18,14
2011-04-22,10
2011-04-29,5
2011-02-07,7
2011-06-16,10
2011-06-10,10
2010-08-16,7
2010-08-30,7
2010-10-29,5
2011-02-06,4
2010-06-12,7
2010-06-03,1
2010-05-14,7
2010-11-26,7
2010-11-28,2
2007-12-31,5
2009-10-04,4
2008-11-07,1
2009-03-21,4
2009-03-29,7
2009-10-16,6
2012-08-24,13
2012-08-18,12
2012-08-25,8
2012-07-22,16
2011-09-16,11
2011-09-13,7
2012-02-12,7
2012-05-20,7
2012-06-09,5
2011-07-13,6
2011-10-14,7
2011-04-21,3
2011-06-24,2
2011-01-24,15
2010-06-28,5
2010-12-26,5
2008-12-05,7
2010-07-31,2
2010-07-20,3
2010-05-17,5
2007-12-03,3
2010-01-23,6
2008-12-20,6
2008-11-20,4
2009-03-06,4
2012-08-12,10
2012-08-27,15
2012-07-14,5
2012-04-14,12
2012-04-26,13
2012-02-05,10
2012-03-17,13
2012-06-24,11
2012-06-08,13
2011-08-19,8
2012-09-08,10
2011-01-19,8
2012-02-14,14
2010-08-26,4
2010-10-28,7
2010-10-09,5
2010-06-21,6
2010-12-28,14
2010-06-10,3
2009-12-26,5
2009-12-23,2
2010-07-18,3
2010-07-25,3
2008-12-31,4
2010-04-04,4
2010-05-22,2
2012-08-21,17
2012-07-20,15
2012-07-31,10
2012-04-24,6
2011-03-17,7
2011-03-27,10
2012-08-16,8
2011-09-15,9
2012-02-28,5
2012-05-14,9
2012-05-01,7
2011-11-01,7
2012-06-23,14
2011-07-12,6
2011-10-20,11
2011-01-27,10
2011-02-24,7
2011-06-14,4
2011-06-18,6
2011-02-15,5
2010-12-10,9
2008-12-25,3
2011-02-14,3
2010-09-01,7
2010-09-28,7
2010-06-07,4
2010-05-11,5
2010-11-18,7
2009-12-27,5
2010-01-24,4
2007-12-07,3
2010-03-13,3
2012-07-24,7
2012-04-05,21
2011-03-08,6
2011-09-17,10
2011-09-26,7
2012-04-13,6
2011-05-26,9
2012-06-07,10
2012-06-21,15
2011-07-31,18
2011-07-25,7
2012-06-12,7
2011-02-03,11
2010-12-30,13
2008-12-06,8
2010-07-24,3
2010-09-11,10
2010-06-27,3
2010-05-04,4
2009-02-09,5
2009-02-08,7
2009-10-13,2
2010-03-31,3
2008-11-10,4
2010-09-16,1
2010-09-15,1
2010-04-25,6
2009-10-24,4
2009-03-05,4
2012-04-12,11
2012-04-20,18
2012-04-01,11
2011-03-24,12
2011-09-10,3
2012-06-01,9
2011-07-06,8
2012-05-07,7
2011-04-11,7
2011-06-19,6
2011-06-23,8
2012-02-22,7
2010-08-04,4
2010-06-11,5
2010-12-04,8
2011-05-18,3
2010-09-12,9
2010-09-27,5
2010-11-08,5
2008-11-29,11
2010-07-04,3
2008-12-02,5
2010-11-15,7
2010-05-10,4
2010-05-31,2
2009-05-30,2
2012-08-04,5
2011-03-29,8
2011-09-25,6
2011-05-24,11
2012-03-05,8
2011-07-09,7
2012-05-11,14
2011-10-13,4
2011-10-24,12
2011-10-11,5
2011-01-17,8
2011-02-27,8
2011-06-17,14
2010-08-09,8
2010-10-21,5
2010-10-13,9
2011-02-17,10
2010-12-31,15
2010-12-09,6
2011-09-14,10
2010-07-16,1
2010-07-03,8
2010-05-05,4
2010-05-02,9
2011-03-31,5
2010-01-30,9
2009-10-25,2
2010-08-11,4
2010-01-16,1
2010-04-02,4
2012-07-26,12
2012-07-08,11
2011-09-30,12
2012-02-06,14
2012-05-15,19
2012-03-22,10
2012-03-25,5
2011-10-07,5
2011-04-07,11
2011-04-20,9
2011-04-05,5
2011-02-12,6
2011-02-25,8
2010-08-21,7
2011-06-27,4
2011-06-26,5
2010-12-07,3
2010-12-23,5
2011-03-04,7
2010-07-09,5
2010-09-23,6
2010-10-20,13
2010-03-10,4
2010-03-21,4
2010-03-16,5
2009-05-10,7
2009-05-12,3
2012-07-19,15
2012-04-18,15
2011-03-01,10
2011-03-05,13
2012-05-06,6
2012-05-12,11
2012-05-23,9
2012-04-07,11
2011-05-10,7
2012-03-12,7
2012-03-02,10
2012-03-16,6
2011-07-05,4
2011-07-18,9
2011-08-13,11
2011-10-05,5
2011-06-04,9
2011-06-25,7
2010-11-21,3
2010-11-03,5
2009-12-20,5
2010-01-10,2
2007-12-04,6
2009-10-05,1
2009-10-27,9
2010-03-27,5
2008-12-23,4
2010-04-15,8
2009-05-06,2
2012-08-19,4
2012-04-08,11
2012-05-25,12
2012-05-03,12
2011-05-27,15
2012-03-08,8
2012-06-19,6
2012-06-03,3
2011-08-12,5
2011-10-26,17
2011-10-21,7
2011-01-07,4
2011-01-31,7
2011-04-10,10
2011-02-11,8
2011-06-02,6
2010-08-03,2
2010-10-07,6
2011-01-09,7
2010-12-29,17
2010-12-21,9
2010-12-02,7
2010-12-18,2
2010-07-19,6
2010-09-17,10
2010-09-09,3
2011-05-28,2
2010-10-17,6
2010-01-02,7
2010-08-29,4
2010-03-26,4
2010-09-10,4
2009-07-16,3
2010-04-22,2
2010-05-18,2
2012-07-21,14
2012-07-25,16
2012-07-16,18
2012-01-20,11
2011-03-07,2
2011-05-22,9
2012-03-23,9
2012-06-16,11
2012-06-10,5
2011-07-26,8
2012-05-18,9
2012-03-11,10
2011-01-18,6
2011-04-18,10
2010-08-23,9
2011-06-22,14
2010-12-01,2
2010-06-18,2
2010-06-19,3
2009-02-20,6
2009-12-13,7
2009-12-01,5
2007-12-11,5
2010-07-10,7
2010-11-23,6
2010-04-14,7
2010-04-10,7
2009-03-26,3
2009-10-12,2
2012-08-17,13
2012-04-25,13
2012-04-16,7
2011-03-09,13
2011-09-07,8
2012-02-20,11
2012-02-19,10
2012-02-08,12
2012-02-24,11
2011-05-20,13
2011-05-14,8
2012-03-19,8
2012-06-15,11
2011-07-30,5
2011-01-06,14
2011-02-21,7
2011-06-08,6
2011-06-21,4
2010-10-01,3
2010-07-07,7
2010-09-25,3
2010-09-18,5
2010-01-28,4
2010-08-13,5
2010-03-14,8
2008-11-26,5
2011-04-25,2
2009-03-28,6
2009-10-20,6
2009-05-16,4
2012-08-22,13
2012-04-03,5
2011-03-14,4
2012-02-04,12
2012-02-29,14
2012-07-11,9
2012-03-03,8
2012-06-18,14
2011-07-15,9
2011-10-03,11
2011-10-17,12
2011-04-30,9
2011-04-08,8
2011-10-27,18
2010-10-16,9
2011-04-16,4
2010-06-16,7
2010-12-24,8
2008-12-18,8
2010-07-29,5
2010-07-23,5
2010-07-22,6
2010-09-29,5
2010-05-24,7
2010-01-09,7
2010-01-22,6
2009-10-10,4
2010-03-06,6
2010-10-12,2
2009-07-06,6
2012-07-02,9
2012-07-09,16
2011-03-16,5
2012-02-17,11
2012-03-10,11
2011-07-20,15
2012-06-29,11
2011-02-28,5
2010-12-14,8
2010-12-16,12
2011-05-05,6
2011-05-29,4
2010-07-15,7
2010-06-22,3
2009-02-26,4
2009-12-06,4
2010-01-26,4
2010-01-19,3
2009-07-10,3
2009-07-28,3
2009-07-19,2
2010-03-30,3
2010-07-14,6
2010-04-30,4
2010-11-11,4
2010-05-16,4
2012-07-27,14
2012-04-28,9
2012-04-17,11
2011-03-11,7
2011-03-13,3
2011-09-01,7
2012-06-25,23
2011-07-01,7
2011-10-09,13
2011-10-10,4
2011-10-04,3
2011-10-15,5
2011-02-20,7
2011-06-12,3
2011-06-29,11
2010-08-19,7
2010-06-24,10
2010-06-14,5
2011-05-03,5
2011-03-12,3
2010-09-06,6
2010-11-20,7
2009-12-21,6
2009-12-29,3
2007-12-13,2
2007-12-02,1
2009-10-03,2
2010-03-15,8
2010-03-08,7
2008-12-12,4
2012-08-03,12
2012-07-17,20
2012-07-12,14
2011-03-19,4
2011-03-25,6
2012-08-20,13
2011-09-22,9
2012-02-02,10
2012-05-09,7
2012-06-27,17
2011-01-21,11
2011-01-20,13
2011-04-01,8
2011-02-08,11
2011-06-20,5
2010-10-25,5
2010-10-30,8
2011-02-02,8
2011-09-11,5
2011-06-09,4
2011-01-30,1
2010-11-05,3
2009-12-07,3
2009-10-21,2
2008-11-09,3
2008-11-21,3
2010-09-24,3
2010-07-06,4
2012-08-05,11
2012-04-19,14
2011-03-26,8
2011-03-21,2
2012-02-07,9
2011-05-01,12
2012-06-28,7
2012-05-05,6
2011-10-19,15
2011-04-26,7
2011-06-03,9
2010-08-12,3
2011-01-26,7
2011-01-23,6
2010-06-06,4
2011-03-06,7
2008-12-30,3
2011-05-31,8
2010-09-08,8
2010-09-05,5
2010-05-25,5
2011-07-04,3
2009-02-14,2
2007-12-19,3
2010-01-14,1
2009-07-07,4
2010-03-22,2
2008-11-27,2
2009-03-17,6
2009-03-16,2
2009-05-17,5
2009-05-19,2
2012-07-07,7
2012-04-02,6
2011-03-18,9
2011-03-03,11
2011-09-23,14
2011-09-05,11
2012-02-26,9
2012-07-23,6
2012-06-17,13
2011-07-29,11
2011-07-03,6
2011-04-14,3
2011-02-05,7
2010-06-17,5
2010-12-25,1
2010-07-01,5
2010-05-09,5
2010-05-26,3
2009-02-19,4
2010-01-11,3
2009-07-22,4
2008-11-13,3
2008-11-18,3
2010-04-06,5
2010-05-08,2
2009-03-01,7
2009-10-22,3
2009-03-12,5
2012-08-15,11
2012-08-11,6
2012-08-28,15
2012-08-08,14
2012-07-13,9
2012-07-15,14
2012-07-04,13
2011-09-27,6
2012-02-10,13
2012-05-24,16
2012-05-29,12
2012-04-10,23
2011-05-13,10
2012-03-24,5
2012-03-30,13
2012-03-06,7
2011-07-10,12
2011-10-25,8
2011-10-02,7
2011-01-25,8
2011-01-03,8
2011-04-19,8
2011-04-03,8
2011-02-22,9
2011-01-14,8
2008-12-22,5
2010-09-21,5
2010-06-29,3
2010-06-30,3
2010-05-23,8
2010-11-27,9
2009-02-25,2
2009-02-18,3
2009-12-30,10
2009-12-10,3
2007-12-30,5
2008-11-16,2
2008-11-17,5
2009-03-04,1
2009-10-09,3
2009-05-20,3
2012-08-10,20
2012-08-07,7
2011-09-04,10
2012-05-08,10
2012-05-02,11
2012-04-22,8
2011-07-22,8
2011-07-14,4
2012-03-14,7
2011-01-16,10
2011-04-17,5
2011-02-23,8
2011-06-01,8
2010-08-17,4
2011-10-29,6
2011-09-06,10
2010-07-02,8
2010-07-30,4
2010-09-22,11
2010-09-19,5
2010-11-13,7
2010-11-30,8
2010-01-27,3
2009-10-08,5
2010-09-02,2
2010-11-29,4
2010-05-30,1
2012-08-30,12
2012-08-14,11
2011-09-28,6
2011-09-09,14
2012-05-13,7
2012-09-26,10
2011-10-01,6
2011-06-15,8
2012-02-23,10
2010-10-08,5
2010-10-18,5
2011-04-13,8
2010-06-04,4
2010-12-11,4
2011-09-18,6
2008-12-21,2
2010-06-15,4
2010-10-04,4
2010-01-06,4
2010-03-12,6
2010-01-01,4
2010-01-25,1
2009-07-18,3
2008-11-19,2
2008-12-09,1
2010-04-08,6
2010-10-15,2
2009-10-18,2
2009-03-13,2
2011-12-03,6
2012-04-23,8
2011-03-23,9
2012-02-01,13
2012-05-17,22
2011-05-04,12
2012-03-29,9
2011-07-02,3
2011-07-27,8
2011-07-24,2
2011-10-08,14
2011-02-18,9
2010-08-18,3
2010-08-08,5
2008-12-03,4
2011-05-15,10
2010-07-13,8
2010-09-04,5
2011-05-17,8
2010-11-17,8
2010-11-02,14
2009-02-03,4
2009-02-28,3
2009-12-18,1
2010-01-07,8
2007-12-26,4
2007-12-16,2
2010-08-02,3
2010-03-17,6
2009-07-29,2
2010-03-24,2
2010-04-27,5
2009-03-14,2
2012-08-26,16
2012-08-31,8
2012-07-29,11
2012-07-28,17
2012-04-09,15
2012-05-27,8
2011-07-23,5
2011-08-28,7
2011-10-23,5
2011-01-04,5
2011-04-27,8
2011-02-13,13
2011-02-19,4
2011-06-06,5
2011-04-23,3
2010-06-26,8
2011-03-30,10
2010-09-03,7
2009-02-13,4
2009-12-09,7
2007-12-20,2
2011-03-28,2
2010-10-02,2
2012-04-06,10
2012-02-18,4
2012-02-03,8
2012-05-31,9
2012-07-06,9
2011-05-06,5
2012-03-13,15
2012-06-11,9
2011-07-19,11
2011-07-16,2
2011-10-16,4
2011-01-29,8
2011-01-28,6
2011-04-15,9
2011-04-09,9
2011-02-09,7
2010-08-14,1
2010-06-08,1
2010-12-12,9
2011-09-20,14
2010-12-19,5
2008-12-27,6
2008-12-29,3
2008-12-14,3
2010-07-05,4
2010-05-01,5
2010-11-06,4
2010-11-24,16
2010-11-01,3
2010-11-07,3
2010-03-01,1
2010-09-07,6
2010-03-03,4
2010-04-09,3
2010-05-19,3
2008-11-04,3
2009-03-09,1
2009-03-31,5
2009-05-09,2
2012-01-04,16
2012-04-11,13
2011-09-19,8
2011-11-26,6
2012-02-21,4
2012-02-15,7
2012-05-21,12
2012-03-01,8
2012-06-04,13
2011-07-07,14
2011-08-21,9
2011-08-18,11
2011-06-28,8
2010-08-20,14
2012-02-11,10
2010-06-02,8
2010-06-23,5
2012-03-18,5
2010-07-11,6
2010-05-13,7
2010-08-24,4
2010-09-13,5
2010-01-08,3
2010-11-10,5
2008-11-25,7
2008-11-08,2
2008-12-07,5
2009-05-13,3
2009-05-07,7
2012-08-01,17
2012-08-23,12
2012-11-01,7
2012-04-15,8
2011-03-20,7
2012-02-13,12
2011-05-30,4
2012-03-04,10
2012-06-14,11
2012-06-02,10
2012-06-30,8
2011-07-11,5
2012-03-20,7
2012-09-12,13
2011-01-10,14
2011-04-24,5
2011-02-01,5
2010-10-22,8
2010-10-31,8
2010-10-26,5
2011-02-04,8
2011-01-02,6
2010-12-03,7
2010-12-08,5
2010-12-15,4
2010-05-06,4
2010-05-12,5
2010-11-25,8
2010-11-22,3
2009-12-12,3
2010-01-20,3
2010-03-18,8
2010-03-23,9
2010-01-05,1
2008-11-06,1
2010-04-11,5
2008-11-12,4
2012-07-01,9
2012-04-30,6
2011-03-02,8
2011-03-15,8
2012-08-29,7
2011-11-27,8
2012-02-27,15
2012-05-16,14
2012-06-26,11
2012-05-19,5
2011-10-22,10
2011-01-11,11
2011-04-12,10
2011-02-10,12
2011-06-05,14
2010-10-03,4
2010-07-08,4
2010-05-20,2
2010-11-12,10
2010-10-11,6
2009-12-28,6
2010-01-13,4
2010-08-06,7
2010-10-06,2
2009-07-21,3
2008-11-28,6
2009-03-30,5
2009-03-24,2
2012-02-09,9
2012-03-07,12
2012-03-26,10
2012-04-29,9
2011-10-06,5
2011-01-08,6
2011-04-06,4
2010-08-22,7
2010-08-25,12
2011-06-30,5
2010-10-10,8
2011-01-13,3
2010-06-13,8
2010-12-05,6
2011-09-24,7
2008-12-19,1
2010-07-28,4
2010-07-12,3
2008-12-01,3
2012-08-13,8
2012-08-06,25
2012-07-05,12
2012-04-21,10
2011-05-02,9
2011-05-16,12
2011-07-28,15
2012-06-13,8
2011-10-28,2
2011-01-05,16
2011-06-11,4
2010-08-31,5
2010-08-01,1
2010-10-14,6
2010-06-20,6
2010-12-27,13
2010-12-17,9
2010-12-20,3
2010-09-30,12
2010-05-27,11
2010-11-16,3
2010-10-05,4
2009-12-03,4
2009-12-17,6
2007-12-29,2
2010-07-27,4
2010-03-11,3
2008-11-02,2
2008-12-04,5
2010-11-19,7
2010-04-13,5
2012-02-25,9
2012-05-30,10
2012-05-22,12
2011-05-08,6
2011-05-11,9
2011-05-23,10
2012-03-21,6
2012-03-28,7
2011-07-08,15
2011-07-21,11
2012-06-22,12
2012-05-26,10
2011-01-22,3
2011-01-12,6
2011-04-04,7
2011-04-28,7
2011-02-26,17
2010-10-19,5
2010-06-09,3
2010-12-13,10
2010-05-07,4
2010-11-14,5
2009-02-27,5
2009-10-23,3
2009-10-30,6
2009-10-28,9
2010-03-25,4
2010-10-24,3
2009-07-11,4
2010-09-14,3
2010-05-03,1
2009-03-18,4
2009-05-02,1
2005-11-14,1
2010-04-28,3
2009-06-24,3
2009-06-05,4
2009-06-02,2
2008-03-09,3
2009-09-15,3
2009-08-30,5
2007-11-15,2
2009-02-06,4
2008-02-11,1
2009-03-19,1
2007-03-20,1
2007-03-16,3
2007-03-05,1
2008-04-08,3
2007-11-01,1
2008-09-09,1
2007-10-20,3
2007-03-13,4
2007-05-19,2
2005-08-18,1
2006-10-28,1
2006-10-16,1
2005-11-12,2
2008-03-08,3
2007-10-28,2
2009-01-20,5
2008-06-20,2
2009-09-29,3
2008-10-24,5
2007-11-26,4
2007-03-03,1
2009-11-13,5
2009-11-05,4
2009-08-13,2
2009-08-09,6
2008-07-05,2
2008-01-01,3
2008-01-06,1
2006-03-17,1
2010-02-15,3
2008-09-20,4
2007-06-10,1
2008-01-02,4
2009-08-08,1
2007-05-17,2
2004-12-27,4
2010-04-21,6
2009-06-22,2
2009-06-25,2
2009-06-13,5
2010-04-26,2
2009-09-13,4
2010-02-05,5
2008-09-18,2
2009-09-28,2
2009-03-03,3
2009-09-24,5
2007-12-28,5
2008-10-29,2
2007-07-05,2
2007-07-02,4
2009-01-09,4
2009-11-19,8
2008-10-01,4
2006-12-30,3
2009-11-29,6
2007-03-29,3
2001-07-24,1
2008-08-06,2
2002-03-06,1
2007-01-28,2
2008-05-25,2
2008-07-08,1
2005-01-31,2
2009-06-12,5
2008-03-11,8
2010-02-01,4
2007-10-18,1
2010-03-28,5
2007-06-27,4
2008-08-30,3
2008-08-17,4
2008-08-12,4
2009-01-04,3
2009-01-10,3
2008-10-16,2
2006-05-30,1
2007-01-02,2
2008-06-04,2
2007-11-06,1
2006-05-14,1
2009-04-24,1
2005-06-12,1
2005-07-28,2
2008-07-27,1
2009-07-31,4
2010-02-26,4
2009-06-11,6
2008-09-01,1
2009-05-11,3
2008-06-12,4
2009-03-11,4
2009-08-07,2
2009-05-31,4
2009-05-04,5
2009-04-30,4
2007-11-13,1
2009-02-12,2
2009-01-16,3
2009-02-07,1
2008-07-09,3
2008-03-02,2
2007-09-09,2
2007-01-12,6
2005-02-06,1
2009-11-21,2
2004-11-22,1
2008-01-25,2
2006-03-06,2
2007-05-05,1
2007-01-07,2
2007-10-09,1
2007-05-04,2
2005-08-16,2
2005-07-02,1
2006-10-27,2
2010-02-21,2
2010-04-18,4
2008-11-23,6
2010-04-23,2
2009-01-08,2
2008-10-31,3
2009-01-24,2
2009-01-31,3
2008-07-07,3
2008-04-06,2
2008-01-28,1
2009-11-01,5
2009-11-06,2
2007-09-27,1
2008-01-26,1
2004-06-05,1
2009-02-10,1
2007-08-07,1
2006-10-30,3
2010-04-07,6
2009-06-09,3
2009-09-03,3
2009-01-19,4
2009-03-02,3
2009-08-15,4
2009-02-17,2
2007-11-24,4
2008-01-03,3
2008-01-11,2
2008-09-08,2
2009-10-01,1
2007-01-13,1
2010-01-04,3
2008-08-29,3
2007-09-03,2
2008-03-27,4
2006-05-25,2
2007-01-31,1
2005-08-09,5
2005-06-27,1
2009-04-28,1
2007-05-27,1
2010-06-25,1
2008-07-10,1
2010-04-20,1
2008-03-24,1
2008-03-13,3
2009-09-12,12
2010-02-07,3
2010-03-05,6
2007-01-27,2
2010-08-15,3
2007-06-12,4
2008-06-25,1
2008-08-14,7
2009-03-07,1
2009-04-29,2
2007-07-08,1
2007-11-19,3
2007-03-06,1
2007-03-04,2
2009-07-17,1
2009-01-15,1
2008-07-21,2
2008-04-05,7
2008-04-22,3
2008-01-08,1
2008-09-19,1
2009-10-15,2
2006-05-06,4
2008-06-18,3
2009-11-26,2
2007-12-01,2
2007-08-13,4
2005-06-03,2
2006-08-07,1
2008-02-22,1
2009-07-01,3
2009-07-25,1
2009-09-08,7
2007-10-15,3
2009-12-15,1
2008-06-27,2
2009-07-12,2
2009-12-25,2
2008-08-16,3
2008-12-28,1
2007-11-23,4
2009-07-08,2
2008-08-13,3
2008-04-14,1
2008-01-24,1
2008-01-19,3
2006-03-26,1
2007-09-21,4
2007-04-26,1
2009-11-15,1
2007-08-15,2
2009-02-02,2
2008-02-23,2
2009-08-12,2
2006-12-20,2
2008-05-26,1
2010-02-18,2
2010-07-26,4
2009-12-24,4
2007-01-22,4
2007-01-10,4
2007-12-25,2
2008-10-18,2
2009-07-04,1
2007-11-30,2
2008-02-20,4
2008-07-13,3
2006-03-29,4
2007-09-16,2
2007-09-10,2
2006-05-22,1
2007-05-23,2
2008-06-22,1
2002-10-14,1
2004-11-26,1
2009-11-09,2
2009-07-27,2
2005-02-18,1
2008-05-05,1
2008-05-28,1
2006-12-21,2
2009-07-23,4
2009-12-11,5
2008-09-15,1
2008-06-29,3
2008-06-17,2
2009-08-03,4
2009-06-01,2
2009-01-30,7
2009-06-14,2
2008-02-28,4
2008-07-26,5
2008-12-26,1
2009-11-24,4
2007-05-24,1
2008-03-01,4
2008-02-26,4
2007-05-18,1
2006-12-14,2
2004-11-13,1
2009-07-05,1
2005-12-01,2
2006-12-13,3
2006-10-10,1
2008-04-27,1
2006-09-15,2
2010-07-21,4
2009-12-08,2
2007-10-02,2
2009-01-11,7
2007-06-11,2
2009-09-21,4
2009-04-17,6
2008-12-24,1
2009-04-16,2
2007-11-10,1
2009-02-21,5
2008-08-18,1
2007-05-25,1
2006-05-29,2
2008-02-02,3
2004-11-06,1
2009-04-02,3
2007-05-06,1
2006-07-18,1
2006-12-06,3
2006-10-15,1
2005-11-24,1
2010-02-10,8
2008-03-30,3
2008-03-21,7
2010-04-19,3
2010-03-04,2
2007-01-23,2
2009-01-07,10
2008-08-24,1
2009-04-26,2
2009-09-11,2
2008-10-30,8
2009-11-28,6
2009-07-02,1
2008-04-21,2
2008-10-15,2
2007-05-01,1
2007-09-26,1
2004-11-10,1
2007-10-07,1
2008-03-22,2
2008-04-07,2
2009-10-31,1
2008-02-08,10
2008-02-14,1
2008-02-21,1
2006-12-22,4
2008-09-05,3
2007-05-10,2
2005-06-21,1
2006-07-15,1
2010-02-14,4
2010-02-22,5
2009-06-18,4
2007-06-09,1
2009-07-14,1
2008-12-08,1
2007-03-14,1
2009-01-17,1
2007-11-29,2
2008-07-30,2
2008-04-19,6
2008-08-27,2
2008-10-28,5
2006-03-12,2
2007-09-24,2
2009-04-18,3
2006-07-13,1
2009-06-20,2
2010-04-17,5
2008-11-24,2
2009-09-05,3
2010-03-20,4
2009-01-18,4
2009-05-18,2
2009-05-08,3
2008-06-07,4
2008-06-21,2
2008-08-26,2
2008-08-21,1
2009-03-20,1
2009-08-25,4
2009-11-03,4
2009-06-04,4
2008-02-13,3
2008-07-23,2
2009-01-26,3
2008-01-27,2
2008-07-03,1
2008-03-04,3
2009-08-11,3
2009-08-20,1
2008-09-12,2
2008-08-25,2
2002-10-21,1
2007-12-12,2
2007-11-20,3
2007-08-14,2
2005-08-12,1
2001-12-18,1
2008-05-02,1
2008-04-04,1
2005-01-27,1
2005-11-10,6
2009-07-13,2
2007-01-09,13
2009-01-27,5
2007-06-14,1
2009-08-10,2
2007-12-10,1
2010-01-12,2
2008-02-09,4
2008-04-02,1
2008-08-15,3
2008-03-28,2
2008-09-07,5
2008-09-17,3
2009-08-24,1
2009-08-18,2
2007-09-14,1
2007-04-30,1
2007-08-21,1
2006-12-27,4
2006-12-05,1
2008-05-29,1
2008-05-12,2
2009-07-03,1
2010-02-11,6
2009-06-06,4
2008-03-31,4
2010-02-17,1
2010-04-29,2
2009-04-08,4
2007-07-13,2
2009-02-04,3
2008-08-19,2
2010-02-24,2
2009-10-06,2
2007-01-15,7
2002-10-12,2
2004-11-29,3
2007-10-14,2
2008-07-14,1
2001-08-11,1
2005-12-25,2
2005-06-29,1
2009-06-28,2
2008-03-07,2
2010-02-13,1
2007-10-24,2
2007-10-01,2
2009-10-19,2
2009-06-08,4
2009-01-12,13
2008-09-28,5
2010-08-07,4
2009-09-04,2
2009-08-05,2
2009-05-22,2
2009-06-21,1
2007-03-27,2
2008-08-31,1
2008-04-20,2
2008-10-09,2
2008-01-29,2
2007-04-22,1
2007-01-19,1
2008-05-07,3
2008-05-04,3
2007-09-13,2
2008-07-25,5
2008-07-31,2
2007-08-25,1
2008-02-29,3
2007-08-22,2
2008-09-26,1
2008-03-29,2
2007-01-05,1
2009-04-15,1
2010-04-12,3
2009-12-22,1
2007-10-08,2
2007-10-03,1
2007-10-06,1
2007-10-21,6
2010-03-09,4
2008-09-29,3
2007-06-16,3
2009-03-08,1
2009-04-14,3
2008-10-06,2
2009-01-29,6
2008-07-22,4
2008-03-12,3
2009-10-07,3
2008-01-30,1
2008-09-23,4
2007-08-31,3
2008-06-10,3
2007-05-07,2
2007-06-13,4
2008-07-11,1
2008-06-11,1
2010-02-16,1
2008-02-01,1
2005-01-21,3
2010-02-23,9
2009-06-17,4
2010-04-03,5
2009-12-19,3
2009-09-26,3
2010-08-27,3
2009-12-04,3
2007-06-04,1
2008-12-15,2
2010-08-05,1
2009-02-16,3
2007-03-08,13
2008-02-07,2
2008-04-23,1
2008-04-18,1
2009-10-14,3
2008-06-03,2
2008-06-13,3
2007-03-22,3
2008-07-06,1
2009-05-05,1
2004-12-03,1
2005-06-26,1
2006-07-28,2
2005-01-28,2
2008-02-18,1
2001-10-26,1
2009-06-15,2
2008-09-22,7
2008-09-14,2
2009-09-01,1
2009-08-01,4
2009-08-29,3
2009-03-23,2
2009-11-23,3
2009-08-16,3
2007-11-11,3
2008-02-05,2
2008-07-19,3
2008-01-21,1
2008-01-09,2
2008-01-07,7
2008-10-03,3
2008-10-27,1
2010-02-20,1
2008-05-23,1
2008-05-17,1
2005-02-13,1
2007-05-16,5
2009-11-14,1
2007-10-26,3
2007-08-05,1
2007-08-08,3
2007-11-22,2
2007-01-17,3
2007-03-19,1
2005-12-16,1
2004-12-22,1
2006-11-21,2
2010-02-27,2
2009-12-05,2
2009-06-07,2
2008-06-24,1
2008-08-09,4
2009-08-02,4
2009-04-11,1
2007-12-08,3
2007-07-12,5
2009-02-22,4
2008-07-16,2
2008-10-04,3
2009-10-29,1
2007-04-13,1
2007-08-16,3
2007-05-12,10
2008-09-02,1
2009-11-10,2
2009-01-28,1
2004-11-08,1
2008-04-01,3
2009-05-01,1
2007-01-24,1
2006-12-29,3
2000-04-27,1
2007-06-21,4
2009-04-21,1
2008-02-17,2
2008-05-11,1
2010-02-12,5
2009-09-19,4
2010-03-19,6
2008-09-06,5
2008-06-05,3
2009-07-26,1
2009-09-06,4
2008-08-22,2
2009-04-04,3
2009-04-20,3
2009-06-10,2
2007-07-17,2
2008-03-06,1
2010-02-08,4
2007-08-06,2
2007-05-03,4
2008-09-27,1
2009-11-17,2
2004-11-25,1
2008-02-27,8
2007-05-08,2
2005-07-31,1
2007-03-07,1
2005-11-13,2
2009-12-16,5
2008-11-30,4
2007-10-23,4
2008-09-03,1
2008-11-03,2
2009-09-25,4
2009-02-15,6
2009-02-24,2
2009-11-08,1
2008-08-11,1
2008-08-08,3
2007-11-09,3
2007-01-06,5
2005-02-11,2
2008-07-12,3
2010-02-28,1
2009-08-06,4
2007-12-09,1
2007-05-30,1
2007-09-23,1
2008-03-05,1
2009-09-09,5
2009-06-16,1
2009-01-06,7
2009-01-25,1
2007-06-26,6
2009-05-28,5
2009-09-10,2
2009-08-26,3
2009-04-22,1
2010-03-29,5
2009-06-19,1
2009-02-11,2
2009-11-27,1
2009-11-22,3
2008-10-07,3
2008-10-17,2
2007-09-29,3
2007-01-01,1
2006-12-31,2
2008-05-27,3
2008-09-21,2
2009-11-16,5
2008-06-15,2
2007-03-30,2
2009-09-16,2
2002-06-20,1
2007-01-08,6
2006-10-13,1
2006-09-21,1
2005-11-16,1
2010-02-03,2
2009-10-17,1
2007-01-03,6
2009-01-23,1
2008-01-12,6
2007-09-22,2
2007-09-06,1
2010-07-17,1
2007-01-18,2
2006-12-12,7
2007-05-26,1
2009-09-27,2
2008-03-18,2
2008-07-20,2
2009-07-15,2
2007-03-23,1
2010-02-25,6
2010-02-06,8
2009-05-26,5
2009-05-29,3
2009-07-24,2
2009-04-06,4
2007-07-30,2
2008-07-04,1
2008-04-17,2
2008-01-05,2
2008-01-16,2
2008-08-20,3
2006-03-15,2
2008-10-02,1
2009-03-22,1
2008-09-04,3
2008-09-16,1
2009-08-31,3
2007-09-30,1
2007-09-25,1
2007-08-23,3
2009-11-25,5
2009-11-20,6
2007-09-28,2
2008-04-25,4
2009-05-24,4
2007-05-02,3
2007-05-28,1
2009-04-01,3
2007-05-15,2
2006-07-19,2
2010-04-16,2
2009-09-17,4
2007-01-11,5
2009-01-14,3
2008-08-07,2
2008-08-28,2
2007-12-27,2
2008-11-11,1
2008-10-22,3
2009-07-20,2
2009-01-22,1
2007-11-28,3
2007-11-02,2
2007-11-25,1
2007-11-04,4
2008-07-24,4
2008-10-05,3
2007-04-28,1
2008-05-20,4
2007-09-02,2
2008-07-29,3
2006-03-20,1
2008-02-03,1
2007-08-18,1
2007-03-21,1
2009-04-12,2
2005-01-13,1
2010-04-24,14
2009-12-14,6
2008-09-11,1
2009-09-14,5
2008-08-01,4
2009-04-19,4
2008-12-11,2
2009-06-30,3
2009-06-23,2
2009-02-05,2
2008-08-05,1
2008-04-29,4
2006-03-16,1
2006-05-18,2
2007-08-17,1
2008-05-30,3
2007-05-20,1
2004-06-01,1
2006-03-18,1
2008-03-16,1
2008-04-10,1
2006-12-09,1
2005-12-27,1
2008-03-10,4
2009-09-20,3
2007-10-31,1
2009-08-22,1
2009-04-07,2
2009-06-29,5
2009-06-27,3
2007-03-28,3
2008-02-10,2
2008-04-28,3
2007-09-12,1
2007-01-25,1
2007-08-01,5
2006-12-10,1
2009-11-04,2
2008-08-04,6
2005-01-02,1
2004-06-23,1
2008-03-25,1
2008-02-24,2
2009-04-13,1
2008-05-13,2
2006-10-11,1
2005-01-22,1
2008-07-18,2
2005-11-04,1
2010-02-02,3
2009-01-01,4
2009-03-10,2
2007-11-18,6
2008-08-23,4
2008-10-12,3
2006-03-01,1
2008-01-14,1
2009-08-21,2
2007-09-19,3
2007-04-08,2
2007-05-11,2
2005-02-01,1
2010-01-18,1
2002-10-04,1
2007-06-06,3
2007-08-29,3
2008-02-15,4
2008-06-26,3
2009-05-03,1
2007-05-13,1
2007-08-02,1
2007-01-20,1
2010-02-19,4
2009-12-02,6
2009-09-22,2
2009-09-30,2
2007-10-04,2
2007-01-04,8
2009-01-03,1
2007-06-19,2
2008-08-02,3
2007-12-18,4
2009-06-26,3
2009-01-02,2
2007-03-10,2
2009-08-28,1
2007-01-16,1
2010-03-07,1
2008-06-30,3
2007-05-14,2
2004-06-03,2
2010-01-17,1
2004-12-05,1
2002-12-08,1
2006-12-17,1
2007-09-07,1
2007-04-20,2
2007-07-03,3
2006-06-29,1
2006-03-11,1
2008-06-01,3
2007-02-02,1
2006-11-06,1
2008-09-13,1
2005-08-11,1
2004-02-18,1
2004-02-03,1
2001-11-10,1
2003-03-26,1
2002-12-05,1
2005-02-17,1
2006-08-29,2
2007-07-24,3
2006-06-25,2
2006-05-16,2
2007-02-24,5
2006-12-28,1
2004-12-07,1
2005-09-10,1
2004-09-13,1
2005-12-30,1
2004-02-26,1
2008-04-09,1
2006-09-06,3
2006-01-26,1
2004-07-27,4
2008-06-09,2
2004-12-04,1
2006-09-01,1
2005-05-23,1
2004-08-20,1
2005-08-02,2
2005-09-14,1
2007-10-11,2
2006-03-22,1
2006-11-13,1
2009-04-09,2
2005-10-21,1
2009-02-23,1
2004-07-25,1
2004-06-10,1
2005-10-19,4
2003-07-08,1
2004-03-29,1
2005-03-12,1
2005-09-02,1
2003-05-14,1
2007-07-16,2
2007-02-22,5
2005-06-08,1
2005-12-26,2
2005-08-29,1
2006-09-07,1
2005-10-07,1
2002-10-22,1
2000-02-22,1
2003-11-26,1
2005-03-27,2
2006-11-16,2
2005-12-17,1
2005-08-30,2
2004-07-20,2
2007-03-02,1
2006-08-24,1
2001-02-11,1
2006-05-27,1
2005-01-14,2
2006-02-16,2
2006-02-04,2
2005-09-11,1
2005-09-07,1
2008-10-08,1
2006-11-15,2
2006-07-14,1
2004-04-12,1
2004-02-20,1
2001-12-12,2
2005-10-01,1
2003-07-27,1
2004-05-22,1
2000-07-23,1
2006-11-27,2
2008-05-16,2
2002-12-27,2
2003-08-06,1
2006-09-04,1
2005-05-13,1
2007-10-30,1
2006-05-07,1
2000-09-22,1
2006-03-25,1
2006-02-07,1
2006-02-02,2
2008-05-08,1
2005-12-22,2
2008-05-03,2
2006-04-04,2
2007-08-09,2
2006-12-24,1
2005-09-26,1
2005-04-23,1
2002-08-02,1
2003-12-10,1
2003-03-06,1
2002-07-13,1
2006-05-19,1
2003-01-06,1
2006-06-16,1
2004-08-03,1
2006-05-28,1
2007-02-10,3
2007-02-06,1
2008-05-21,1
2005-04-27,1
2007-04-14,1
2004-10-14,5
2002-09-26,1
2004-03-11,1
2002-09-14,1
2003-06-16,2
2007-08-26,1
2007-07-26,8
2007-02-23,1
2003-12-22,1
2008-01-18,2
2006-02-25,3
2007-10-19,2
2001-11-20,1
2001-12-27,1
2002-10-19,1
2002-09-15,1
2004-12-15,1
2005-10-30,1
2005-07-19,1
2001-05-18,1
2002-11-24,1
2006-02-15,2
2003-10-14,1
2007-02-25,2
2001-10-19,1
2008-05-18,1
2003-05-16,1
2005-01-10,1
2006-04-20,1
2007-04-11,2
2006-04-19,2
2007-04-25,1
2007-04-02,2
2007-04-12,2
2007-09-11,2
2008-01-20,3
2008-10-10,1
2005-09-12,1
2005-08-31,1
2004-05-23,1
2003-06-25,1
2007-04-29,3
2006-06-30,2
2005-11-29,2
2004-09-08,1
2002-04-05,1
2005-07-11,1
2005-09-09,1
2003-04-09,1
2007-11-17,1
2007-03-17,1
2007-02-08,4
2006-11-02,2
2005-10-31,1
2006-08-12,2
2006-09-10,2
2008-11-01,1
2007-04-16,1
2002-08-20,1
2004-04-05,1
2006-10-05,1
2006-06-06,1
2005-04-19,2
2006-12-02,1
2006-02-23,4
2006-01-14,2
2004-06-15,1
2007-06-18,1
2000-10-07,1
2007-07-06,1
2006-06-09,1
2005-11-05,2
2004-07-23,1
2004-11-17,1
2008-10-25,1
2006-04-22,1
2008-10-23,1
2006-01-01,2
2008-01-31,1
2004-02-22,2
2002-07-22,1
2005-02-22,1
2005-09-30,1
2006-06-13,1
2007-07-29,2
2006-01-15,1
2008-06-28,1
2006-07-20,1
2005-06-01,1
2003-05-19,2
2006-08-10,3
2007-04-06,4
2005-04-29,1
2003-04-02,1
2003-12-26,1
2002-09-30,1
2006-08-27,2
2002-03-02,1
2007-07-20,2
2002-11-17,1
2008-04-24,2
2007-06-07,1
2006-11-28,2
2006-07-25,2
2006-06-26,2
2007-02-18,1
2004-04-19,1
2008-03-20,1
2006-12-19,1
2006-11-09,4
2007-10-17,1
2004-11-30,1
2006-01-19,2
2007-07-10,1
2004-04-11,1
2004-02-14,1
2006-03-04,1
2001-12-06,1
2000-08-22,1
2002-07-10,1
2006-02-06,1
2006-11-03,4
2001-04-26,1
2006-04-13,1
2002-11-06,1
2005-09-17,1
2007-06-08,1
2004-12-30,1
2005-02-15,1
2006-03-28,1
2006-08-08,1
2006-11-26,1
2005-09-06,2
2005-11-28,1
2005-06-05,1
2007-02-28,1
2007-09-17,2
2006-06-05,1
2006-02-20,1
2005-06-17,1
2006-08-17,1
2004-07-18,1
2008-03-03,2
2004-09-15,1
2002-01-12,1
2005-06-16,1
2006-12-07,1
2007-07-21,2
2005-04-13,1
2003-06-06,1
2006-08-20,1
2001-11-15,1
2003-06-30,1
2005-03-10,1
2000-02-13,1
2005-09-23,1
2006-03-02,2
2002-11-14,1
2006-11-04,2
2008-05-31,1
2005-04-01,3
2009-09-07,2
2005-04-21,1
2005-08-10,1
2006-02-03,1
2004-07-24,1
2003-07-15,1
2005-07-16,1
2005-07-09,1
2001-02-27,1
2002-01-20,2
2009-04-25,1
2007-02-20,1
2007-07-23,2
2007-04-05,1
2004-10-02,1
2005-09-24,3
2005-04-28,1
2001-04-10,1
2002-09-27,1
2006-10-25,1
2005-03-31,1
2005-07-18,1
2004-09-17,1
2002-11-30,1
2003-12-13,1
2003-06-28,2
2003-09-24,1
2004-12-14,1
2004-08-30,3
2007-11-05,1
2005-05-20,1
2000-02-21,1
2004-03-08,1
2007-04-10,1
2005-11-02,1
2006-11-05,2
2007-10-10,1
2006-04-16,1
2007-02-14,1
2006-04-06,1
2006-02-24,4
2004-04-13,1
2008-06-19,1
2006-08-14,2
2002-10-29,1
2007-11-08,1
2004-09-19,1
2007-04-01,2
2006-05-10,1
2006-05-08,1
2006-02-28,2
2007-08-30,1
2007-04-03,1
2005-10-25,2
2007-05-29,1
2005-02-09,2
2006-09-25,1
2005-09-25,1
2007-06-22,1
2007-10-05,2
2000-09-04,1
2004-07-10,1
2002-06-14,1
2004-09-09,2
2002-08-08,1
2003-10-15,1
2004-09-22,1
2005-09-15,2
2006-01-22,1
2007-08-04,1
2006-04-27,2
2008-05-10,2
2007-04-18,1
2004-09-10,1
2004-02-02,1
2004-07-29,1
2007-11-21,1
2006-01-31,2
2003-06-26,1
2004-07-08,1
2006-01-25,2
2009-04-03,1
2003-07-19,2
2007-07-27,1
2007-03-09,1
2006-09-17,1
2003-03-05,1
2007-03-15,1
2003-02-12,1
2006-08-01,1
2006-09-16,1
2007-07-19,1
2006-11-10,2
2008-05-15,1
2007-04-07,1
2006-12-18,1
2006-10-08,2
2005-12-29,3
2006-01-29,2
2006-01-07,1
2001-11-22,1
2005-03-25,1
2005-02-12,1
2003-06-19,1
2003-04-15,1
2007-07-15,2
2005-09-19,1
2004-07-31,1
2007-06-01,1
2005-12-20,1
2005-08-13,1
2006-03-09,1
2006-01-21,1
2005-05-03,1
2006-07-08,2
2006-08-05,1
2008-05-06,2
2006-12-03,1
2007-02-21,2
2008-05-14,1
2005-04-11,1
2005-10-09,5
2005-02-27,1
2006-04-12,1
2001-12-29,1
1998-03-03,1
2006-10-23,1
2005-06-23,1
2005-07-22,1
2004-05-11,1
2004-11-19,1
2005-07-06,1
2004-01-11,1
2000-10-10,1
2005-05-16,1
2003-04-19,1
2002-10-10,1
2006-03-03,1
2004-08-31,1
2006-06-18,1
2003-09-06,3
2002-03-08,1
2002-03-30,1
2005-07-25,1
2003-04-26,1
2006-04-08,1
2002-03-25,1
2006-04-18,1
2005-11-01,1
2003-09-05,1
2002-05-18,1
2005-11-19,1
2005-07-30,1
2003-01-18,1
2004-11-07,1
2004-11-02,1
2003-05-22,1
2003-05-04,1
2001-11-11,1
2006-06-17,1
2004-05-14,4
2004-10-17,2
2003-01-28,1
2000-10-18,1
2006-06-01,1
2005-03-22,1
2003-01-02,1
2006-06-10,1
2005-12-15,1
2003-08-05,1
1999-12-14,1
2000-06-22,1
2005-03-05,1
2000-01-30,1
2006-04-17,1
2004-10-11,1
2000-01-11,1
2007-09-01,2
2006-10-07,1
2005-08-23,1
2003-06-04,1
2003-10-27,1
